acetified|acetify
acromia|acromion
aides-de-camp|aide-de-camp
ambulacra|ambulacrum
antra|antrum
arose|arise
artal|rotl
ashier|ashy
assegais|assagai
ate|eat
atheroscleroses|atherosclerosis
bains-marie|bain-marie
beastliest|beastly
bloodthirstier|bloodthirsty
bok|boschbok
boskiest|bosky
bravoes|bravo
budded|bud
burred|bur
butterfishes|butterfish
calyces|calyx
canalled|canal
capping|cap
cavilled|cavil
cesurae|cesura
chaises_longues|chaise_longue
chugging|chug
cisternae|cisterna
clammier|clammy
classier|classy
clypei|clypeus
coccyges|coccyx
cogging|cog
coiffed|coif
concertini|concertino
counselled|counsel
crasher|crasher
cribella|cribellum
daintier|dainty
debussing|debus
dinkier|dinky
dirtiest|dirty
disbarred|disbar
disembowelled|disembowel
diversified|diversify
dottiest|dotty
doziest|dozy
dried|dry
dryades|dryad
earthlier|earthly
ecclesiae|ecclesia
edified|edify
endothecia|endothecium
epicardia|epicardium
fatted|fat
filled_up|fill_up
finned|fin
fishwives|fishwife
flapped|flap
fleurs-de-lis|fleur-de-lis
flitted|flit
foreteeth|foretooth
fortified|fortify
frenchier|frenchy
friskiest|frisky
froze|freeze
gabbier|gabby
ghostliest|ghostly
ghostwrote|ghostwrite
globigerinae|globigerina
glomeruli|glomerulus
gloried|glory
gospopoda|gospodin
grabbing|grab
grouper|grouper
guest|guest
guilder|guilde
hacksawn|hacksaw
hand-knitting|hand-knit
hatchelled|hatchel
hemmed|hem
hendecahedra|hendecahedron
hermae|herm
icier|icy
initialling|initial
interring|inter
jellified|jellify
jewfishes|jewfish
joined_battle|join_battle
kalmuck|kalmuc
kenning|ken
kipping|kip
lankier|lanky
leptocephali|leptocephalus
macrosporangia|macrosporangium
mangiest|mangy
manlier|manly
memoranda|memorandum
micronuclei|micronucleus
midwives|midwife
mishitting|mishit
mistook|mistake
moldier|moldy
mopping|mop
murices|murex
mycelia|mycelium
myoses|myosis
nappiest|nappy
nasopharynges|nasopharynx
nittiest|nitty
norther|norther
nuchae|nucha
overbore|overbear
overdrew|overdraw
overdriven|overdrive
overstepping|overstep
oxen|ox
parallelled|parallel
parazoa|parazoan
parkier|parky
peachiest|peachy
peccadilloes|peccadillo
pedalling|pedal
perigonia|perigonium
photosetting|photoset
pickiest|picky
pigged|pig
pinch-hitting|pinch-hit
pithecanthropi|pithecanthropus
placeboes|placebo
plopped|plop
prettiest|pretty
priestliest|priestly
primiparae|primipara
protozoa|protozoan
psychoneuroses|psychoneurosis
puli|pul
punchier|punchy
puparia|puparium
raunchiest|raunchy
redded|red
renter|renter
rerunning|rerun
retted|ret
ricercari|ricercare
rockiest|rocky
rosier|rosy
rough-dried|rough-dry
ruddiest|ruddy
ruttiest|rutty
saddest|sad
saltier|salty
saponified|saponify
sappier|sappy
schutzstaffeln|schutzstaffel
shabbasim|shabbas
shot|shoot
showiest|showy
signalling|signal
sillier|silly
skin-popped|skin-pop
slamming|slam
slimmest|slim
slotting|slot
smitten|smite
snivelled|snivel
soggier|soggy
spindlier|spindly
splenii|splenius
sprightliest|sprightly
steamier|steamy
stemmata|stemma
sturdier|sturdy
sulkiest|sulky
syssarcoses|syssarcosis
tallaisim|tallith
tastier|tasty
testes|testes
thirstier|thirsty
tophi|tophus
trimmer|trim
vacua|vacuum
vetoes|veto
vibrissae|vibrissa
wealthiest|wealthy
whackier|whacky
winteriest|wintery
worldlier|worldly
worse|bad
worthier|worthy
yeshivahs|yeshiva
yummier|yummy
zoosporangia|zoosporangium
sunken|sink
swapped|swap
symbolling|symbol
totted|tot
trodden|tread
unbent|unbend
undergirt|undergird
undersold|undersell
underwent|undergo
unmanned|unman
untaught|unteach
unwrapped|unwrap
wanning|wan
warring|war
wedding|wed
wetting|wet
woken|wake
won|win
abutted|abut
alae|ala
anacruses|anacrusis
anticlinoria|anticlinorium
apsides|apsis
archesporia|archesporium
artier|arty
aurar|eyrir
bacchii|bacchius
banning|ban
benempt|bename
bent|bend
besought|beseech
biassed|bias
bidding|bid
bitting|bit
blabbing|blab
bogged-down|bog-down
brawniest|brawny
bushboks|boschbok
caballing|cabal
cancelled|cancel
catabases|catabasis
cestuses|caestus
cheekiest|cheeky
cheerier|cheery
chestier|chesty
classified|classify
clipped|clip
co-opts|coopts
co-ordinated|coordinate
codded|cod
colluvia|colluvium
colones|colon
conidia|conidium
corneae|cornea
corniest|corny
countersunk|countersink
crawfishes|crawfish
crummiest|crummy
debarred|debar
denied|deny
devitrified|devitrify
dicta|dictum
dizzied|dizzy
domatia|domatium
driest|dry
eddied|eddy
endostoses|endostosis
entrammelling|entrammel
epicleses|epiclesis
etherified|etherify
exostoses|exostosis
fattest|fat
fellahin|fellah
fetiales|fetial
fiascoes|fiasco
fishiest|fishy
flashiest|flashy
floatiest|floaty
flogging|flog
flossier|flossy
fluffier|fluffy
flyblew|flyblow
foggier|foggy
foredid|foredo
forgot|forget
formicaria|formicarium
forsook|forsake
founder|founder
frenchified|frenchify
frostiest|frosty
frusta|frustum
funning|fun
furrier|furry
gagged|gag
gammiest|gammy
gassiest|gassy
geese|goose
getting_lost|get_lost
glossiest|glossy
gratified|gratify
grumpier|grumpy
had_left|have_left
haphtaroth|haphtarah
haustella|haustellum
heftier|hefty
hogtying|hogtie
humpiest|humpy
huskier|husky
icosahedra|icosahedron
indumenta|indumentum
jabbing|jab
jarring|jar
jimmied|jimmy
joes|jo
jumps_off|jump_off
kibbutzim|kibbutz
kroner|krone
labara|labarum
lamiae|lamia
ler|ler
levied|levy
limites|limes
litai|lit
lowliest|lowly
lures|lur
madded|mad
maltiest|malty
matted|mat
measliest|measly
mediae|media
mediastina|mediastinum
melismata|melisma
merriest|merry
metencephala|metencephalon
mitzvoth|mitzvah
mushier|mushy
netting|net
nigrified|nigrify
oceanides|oceanid
outfitting|outfit
outgone|outgo
parapodia|parapodium
pegging|peg
pentimenti|pentimento
plumiest|plumy
pretender|pretender
priciest|pricy
programmes|program
puttied|putty
pygidia|pygidium
rachides|rhachis
rami|ramus
rattier|ratty
reddest|red
relied|rely
repaid|repay
responsa|responsum
rhonchi|rhonchus
ribbing|rib
salvoes|salvo
scarring|scar
secretaries-general|secretary-general
senores|senor
senussis|senusi
shabbiest|shabby
shewn|shew
shredded|shred
skidding|skid
skinnier|skinny
slaver|slaver
sleazier|sleazy
slurred|slur
smuggest|smug
snagged|snag
snakier|snaky
solaria|solarium
sonsier|sonsy
sopped|sop
spermatozoa|spermatozoon
spoonier|spoony
sportiest|sporty
squamae|squama
stipites|stipes
stonefishes|stonefish
stripped|strip
subletting|sublet
summed|sum
surliest|surly
syntagmata|syntagma
tackier|tacky
tester|tester
thesauri|thesaurus
tipsiest|tipsy
tobaccoes|tobacco
tonier|tony
took_a_side|take_a_side
totalled|total
towelling|towel
tracheae|trachea
triclinia|triclinium
triumviri|triumvir
tunnelled|tunnel
unhealthier|unhealthy
unruliest|unruly
uredinia|uredinium
vice-chairman|vice-chairman
virtuosi|virtuoso
whapped|whap
window-shopping|window-shop
wrier|wry
yeshivoth|yeshiva
zigzagging|zigzag
zipping|zip
accompanied|accompany
adenomata|adenoma
anacolutha|anacoluthon
anthelices|anthelix
aphides|aphis
arboreta|arboretum
aspergilli|aspergillus
backbit|backbite
begged|beg
bendiest|bendy
bestrewn|bestrew
bivouacking|bivouac
blest|bless
blue-pencilling|blue-pencil
bogging-down|bog-down
bogs_down|bog_down
bonniest|bonny
bryozoa|bryozoan
byssi|byssus
calves|calf
carillonning|carillon
carried|carry
chinning|chin
chuffier|chuffy
clapping|clap
clepsydrae|clepsydra
clerkliest|clerkly
clumsier|clumsy
coagula|coagulum
cosiest|cosy
crankiest|cranky
crazier|crazy
creamier|creamy
crispiest|crispy
crumbiest|crumby
cumulostrati|cumulostratus
daughters-in-law|daughter-in-law
daymios|daimio
dealt|deal
deep-freezed|deepfreeze
deep-freeze|deepfreeze
deferring|defer
demobbed|demob
desiderata|desideratum
devilling|devil
divertimenti|divertimento
dogged|dog
doughiest|doughy
draftiest|drafty
dropped|drop
drummed|drum
drunk|drink
dybbukkim|dybbuk
eavesdropped|eavesdrop
echini|echinus
enthralling|enthral
feistiest|feisty
feller|feller
filthiest|filthy
flagstaves|flagstaff
flakier|flaky
flintiest|flinty
flopped|flop
fobbed|fob
forbidding|forbid
foredone|foredo
forefeet|forefoot
freakiest|freaky
frena|frenum
fussiest|fussy
gamming|gam
gan|gin
gassing|gas
gawkier|gawky
gemboks|gemsbok
genning-up|gen-up
gentlemen-farmers|gentleman-farmer
getting_started|get_started
gigging|gig
ginglymi|ginglymus
gladdest|glad
glomming|glom
glutting|glut
gooiest|gooey
gummier|gummy
gushiest|gushy
haemoptyses|haemoptysis
haloes|halo
having_a_feeling|have_a_feeling
hoboes|hobo
intercutting|intercut
joined_forces|join_forces
jolliest|jolly
joypopped|joypop
kent|ken
knives|knife
laden|lade
lassoes|lasso
laying_for|lie_for
looking_towards|look_towards
loopier|loopy
marshiest|marshy
messieurs|monsieur
met|meet
mimicking|mimic
minae|mina
minyanim|minyan
misfitting|misfit
misunderstood|misunderstand
mycetomata|mycetoma
nephridia|nephridium
noisiest|noisy
northeasterner|northeasterner
objectified|objectify
outbidden|outbid
outmanning|outman
outsold|outsell
overhung|overhang
oversetting|overset
overspent|overspend
overtopped|overtop
palliest|pally
patchier|patchy
pater|pater
penned|pen
pepped|pep
phalli|phallus
philodendra|philodendron
planned|plan
playing_a_part|play_a_part
plied|ply
poleis|polis
primmed|prim
puniest|puny
purified|purify
refuelled|refuel
rethought|rethink
riskiest|risky
riven|rive
roomiest|roomy
rustier|rusty
sanitaria|sanitarium
savvied|savvy
scraggliest|scraggly
scrubbiest|scrubby
scungier|scungy
shat|shit
shyest|shy
sightseen|sightsee
skimmed|skim
slatting|slat
snottier|snotty
snuck|sneak
solidified|solidify
soprani|soprano
spongiest|spongy
stalkiest|stalky
starchiest|starchy
stockier|stocky
strapping|strap
stubbing|stub
stumpiest|stumpy
swopped|swap
swore|swear
syllabi|syllabus
tabbed|tab
taking_a_side|take_a_side
talcked|talc
tarred|tar
tatted|tat
teeth|tooth
tenues|tenuis
thinks_the_world_of|think_the_world_of
thinned|thin
tinned|tin
tipped|tip
toadied|toady
trigged|trig
trowelled|trowel
underlain|underlie
upheld|uphold
upped|up
vagged|vag
vastier|vasty
vitrified|vitrify
wavier|wavy
weariest|weary
whipping|whip
wholesaler|wholesaler
windier|windy
withdrew|withdraw
ad-libbing|ad-lib
aids-de-camp|aid-de-camp
alumnae|alumna
analemmata|analemma
ancones|ancon
antisera|antiserum
aposiopeses|aposiopesis
archerfishes|archerfish
baggier|baggy
bargainer|bargainer
barrelled|barrel
bedimmed|bedim
blindfishes|blindfish
blowiest|blowy
brashiest|brashy
brinier|briny
broke|break
bulkiest|bulky
buried|bury
buster|buster
chapeaux|chapeau
chariest|chary
chazanim|chazan
churchier|churchy
clammed|clam
clotted|clot
cloverleaves|cloverleaf
complied|comply
cortinae|cortina
courts_martial|court_martial
crabbiest|crabby
cryings|cry
cudgelled|cudgel
curettes|curet
cuttlefishes|cuttlefish
decennia|decennium
deeper|deeply
degasses|degas
dehumidified|dehumidify
diagrammed|diagram
diastases|diastasis
dibbing|dib
earliest|early
embargoes|embargo
empanelled|empanel
entamoebae|entamoeba
ephemera|ephemeron
flimflamming|flimflam
flyblown|flyblow
forbidden|forbid
forest|forest
fretting|fret
friendliest|friendly
fuelled|fuel
gamier|gamy
gammadia|gammadion
ganned|gan
gauzier|gauzy
gelled|gel
germina|germen
ginkgoes|ginkgo
glabellae|glabella
gloomiest|gloomy
godchildren|godchild
going_deep|go_deep
grainier|grainy
granulomata|granuloma
grig-gris|gris-gris
grittiest|gritty
guiltier|guilty
gynoecea|gynoecium
happier|happy
hazier|hazy
heartiest|hearty
heldentenore|heldentenor
high-hatted|high-hat
himatia|himation
honied|honey
hyphae|hypha
imagines|imago
incudes|incus
inkiest|inky
insectaria|insectarium
inspanning|inspan
involucra|involucrum
jackknives|jackknife
jellied|jelly
jugging|jug
ko'd|ko
lakiest|laky
lengthiest|lengthy
lit|light
loftier|lofty
logging|log
loneliest|lonely
looniest|loony
maccaronies|maccaroni
meatier|meaty
mocker|mocker
moodier|moody
mousiest|mousy
mouthier|mouthy
mown|mow
muckiest|mucky
muggiest|muggy
nagging|nag
nereides|nereid
neurohypophyses|neurohypophysis
nodding|nod
non-prossing|non-pros
oesophagi|esophagus
old-timer|old-timer
ommatidia|ommatidium
osar|os
oscula|osculum
outwitted|outwit
overmanned|overman
overrunning|overrun
overseen|oversee
pancratia|pancratium
parcelling|parcel
penknives|penknife
peritonea|peritoneum
phylloxerae|phylloxera
polypi|polypus
principia|principium
promycelia|promycelium
protases|protasis
prothalli|prothallus
psalteria|psalterium
psychoses|psychosis
pubbing|pub
putting|put
quickstepping|quickstep
ramming|ram
razor-cutting|razor-cut
remitting|remit
reticula|reticulum
risen|rise
ritzier|ritzy
rivalled|rival
roma|rom
rostra|rostrum
sapped|sap
sauciest|saucy
scalier|scaly
septennia|septennium
sera|serum
shier|shy
shoddiest|shoddy
shrank|shrink
shrove|shrive
shrugged|shrug
sketchiest|sketchy
sleepier|sleepy
snaggleteeth|snaggletooth
snedded|sned
speechified|speechify
steadier|steady
stiper|striper
stopped|stop
stromata|stroma
stunk|stink
taeniae|taenia
tanning|tan
tapping|tap
teeniest|teeny
tenacula|tenaculum
teredines|teredo
throbbing|throb
thrown_out|throw_out
tinier|tiny
tinselling|tinsel
travelled|travel
trisoctahedra|trisoctahedron
trotting|trot
tying|tie
ugliest|ugly
umbones|umbo
underbidding|underbid
undertaken|undertake
unfroze|unfreeze
unravelling|unravel
unrove|unreeve
weakliest|weakly
webbiest|webby
weenier|weeny
were|be
whopped|whop
wittiest|witty
woollier|woolly
aardwolves|aardwolf
amanuenses|amanuensis
androclinia|androclinium
barred|bar
battiest|batty
beadier|beady
betaken|betake
billets-doux|billet-doux
binned|bin
bird-dogged|bird-dog
bolsheviki|bolshevik
bonefishes|bonefish
booby-trapped|booby-trap
bragged|brag
busied|busy
calcified|calcify
capita|caput
caroli|carolus
carryings-on|carrying-on
catnapped|catnap
cerebra|cerebrum
channelled|channel
chelae|chela
choppier|choppy
cirrocumuli|cirrocumulus
clemming|clem
combatting|combat
confabbed|confab
contralti|contralto
corralled|corral
costumer|costumer
crucified|crucify
cutting|cut
debusses|debus
declassified|declassify
demurred|demur
dilly-dallied|dilly-dally
directors-general|director-general
dishier|dishy
dollarfishes|dollarfish
doughtiest|doughty
dustier|dusty
earthier|earthy
eastsider|eastsider
ecdyses|ecdysis
effluvia|effluvium
enarthroses|enarthrosis
enchiridia|enchiridion
entrapping|entrap
epitheliomata|epithelioma
equipping|equip
eucalypti|eucalyptus
eupatridae|eupatrid
exanthemata|exanthema
fasciae|fascia
feet|foot
fledgier|fledgy
flip-flopped|flip-flop
fogged|fog
forgone|forgo
frijoles|frijol
frizzliest|frizzly
frogfishes|frogfish
furred|fur
fuzziest|fuzzy
gapping|gap
gets_lost|get_lost
glossae|glossa
gollied|golly
goose-stepping|goose-step
gorier|gory
gotten_lost|get_lost
governors_general|governor_general
groggier|groggy
grubbing|grub
haemodialyses|haemodialysis
hastier|hasty
heard|hear
hematolyses|hematolysis
hooves|hoof
hovelling|hovel
hypanthia|hypanthium
ibo|igbo
interlaid|interlay
intermitting|intermit
jewelled|jewel
latu|lat
left-winger|left-winger
linguae_francae|lingua_franca
lovelier|lovely
lumbus|lumbi
lumpfishes|lumpfish
maculae|macula
matrices|matrix
messier|messy
metalled|metal
metathoraces|metathorax
mishnayoth|mishna
misled|mislead
monopteroi|monopteros
murkiest|murky
mystified|mystify
nautili|nautilus
needier|needy
nonplussing|nonplus
nosier|nosy
occupied|occupy
ocelli|ocellus
omayyades|omayyad
omenta|omentum
onagri|onager
oothecae|ootheca
oozier|oozy
overlaid|overlay
oversimplified|oversimplify
overthrown|overthrow
parerga|parergon
pasquils|pasquinade
pawkiest|pawky
perkier|perky
permitted|permit
pinnulae|pinnula
planulae|planula
plummiest|plummy
podgier|podgy
polyzoaria|polyzoarium
portliest|portly
pushier|pushy
pussiest|pussy
quarrelling|quarrel
quick-frozen|quick-freeze
ratted|rat
ravelling|ravel
recommitting|recommit
red-pencilled|red-pencil
rediae|redia
remiges|remex
retailer|retailer
retinacula|retinaculum
rewound|rewind
rookiest|rooky
rugae|ruga
sancta|sanctum
scrummed|scrum
seediest|seedy
setting|set
shagging|shag
shiftier|shifty
sinning|sin
skinned|skin
skinny-dipping|skinny-dip
skipped|skip
slumming|slum
snapping|snap
snootiest|snooty
spancelling|spancel
spottier|spotty
spun|spin
squillae|squilla
startsy|starets
stirpes|stirps
stronger|strong
stuck|stick
stylopodia|stylopodium
sunfishes|sunfish
sweetiewives|sweetiewife
tagged|tag
takes_steps|take_steps
tangier|tangy
tepefied|tepefy
testier|testy
therses|thyrse
tibiae|tibia
tore|tear
tricksier|tricksy
tympana|tympanum
typified|typify
umbrae|umbra
upsprang|upspring
vermes|vermis
welsher|welsher
woodiest|woody
wrapping|wrap
wryest|wry
yarest|yare
zapped|zap
abhorred|abhor
abode|abide
acquitting|acquit
agorae|agora
aides-memoire|aide-memoire
amorini|amorino
anglified|anglify
angriest|angry
anus|anus
archer|archer
arcking|arc
areolae|areola
auriculae|auricula
bawdiest|bawdy
beefiest|beefy
besetting|beset
blacklegged|blackleg
bleariest|bleary
bled|bleed
bonitoes|bonito
boraces|borax
bounder|bounder
breast-fed|breast-feed
buckteeth|bucktooth
bullshitting|bullshit
chedarim|cheder
children|child
chrysalides|chrysalis
clani|clarino
clinandria|clinandrium
cloudier|cloudy
co-starring|co-star
conned|con
craggiest|craggy
crammed|cram
creepier|creepy
curtsied|curtsy
demitting|demit
diapophyses|diapophysis
dimming|dim
diplococci|diplococcus
dishevelled|dishevel
donning|don
drabbing|drab
drippier|drippy
dumpiest|dumpy
eisegeses|eisegesis
embussing|embus
equiseta|equisetum
facetting|facet
falsified|falsify
fibbing|fib
fitting|fit
flatting|flat
fleshiest|fleshy
flightiest|flighty
foci|focus
foolhardier|foolhardy
forborne|forbear
foreigner|foreigner
fornices|fornix
forsaken|forsake
fought|fight
fraena|fraenum
gens-up|gen-up
glummer|glum
grader|grader
gravelling|gravel
greedier|greedy
gummed|gum
handier|handy
has_a_feeling|have_a_feeling
homer|homer
hornier|horny
ichthyosauruses|ichthyosaur
ilia|ilium
inferred|infer
interbred|interbreed
jetting|jet
jollied|jolly
juicier|juicy
lamming|lam
levelled|level
lipomata|lipoma
looks_towards|look_towards
lordlier|lordly
luckier|lucky
mahzorim|mahzor
manned|man
mesdames|madame
metamorphoses|metamorphosis
miffiest|miffy
millennia|millennium
modified|modify
modioli|modiolus
monades|monad
mooncalves|mooncalf
moonfishes|moonfish
moonier|moony
mosquitoes|mosquito
nastiest|nasty
nattier|natty
nervier|nervy
nickelled|nickel
nielli|niello
nipping|nip
opener|opener
outbidding|outbid
outcropped|outcrop
outstood|outstand
outstripped|outstrip
outwore|outwear
overran|overrun
parried|parry
pasquilling|pasquinade
phonier|phony
pitchiest|pitchy
plodding|plod
plotting|plot
plugging|plug
plumber|plumber
polychasia|polychasium
pontes|pons
precancelling|precancel
privier|privy
quakiest|quaky
retrofitting|retrofit
revving|rev
rhombi|rhombus
ropier|ropy
running|run
sagged|sag
salmonellae|salmonella
sang|sing
sarcophagi|sarcophagus
scramming|scram
seamiest|seamy
sephardim|sephardi
shadiest|shady
shikarred|shikar
shipped|ship
shrubbiest|shrubby
sigloi|siglos
skenning|sken
slabbed|slab
smarmiest|smarmy
smokiest|smoky
sneaker|sneaker
sorriest|sorry
sphinges|sphinx
starriest|starry
stilettoeing|stiletto
stingier|stingy
strewn|strew
striven|strive
sunk|sink
superheroes|superhero
swabbing|swab
swamies|swami
swatting|swat
tardier|tardy
taught|teach
terga|tergum
testified|testify
tetchiest|tetchy
thyrsi|thyrsus
tidier|tidy
tittupped|tittup
torpedoes|torpedo
trepanned|trepan
tripping|trip
truest|true
turves|turf
underletting|underlet
undone|undo
unknitting|unknit
unripped|unrip
vertices|vertex
viewier|viewy
vying|vie
wanner|wan
wearied|weary
weedier|weedy
wetter|wet
whizzed|whiz
wiredrew|wiredraw
wonkier|wonky
written|write
yapped|yap
younger|young
abhorring|abhor
aboideaux|aboideau
acciaccature|acciaccatura
acini|acinus
alveoli|alveolus
amphiarthroses|amphiarthrosis
anaerobia|anaerobium
antennae|antenna
astragali|astragalus
bacteriostases|bacteriostasis
bagged|bag
bandiest|bandy
better|well
blacklegging|blackleg
blotted|blot
bottle-fed|bottle-feed
bullyragged|bullyrag
bummed|bum
bushbok|boschbok
carolled|carol
cer|cer
cilia|cilium
cleanliest|cleanly
cloacae|cloaca
commandoes|commando
conning|con
coquetted|coquet
cramming|cram
curlier|curly
dadoes|dado
deciduae|decidua
dentalia|dentalium
dichasia|dichasium
dishevelling|dishevel
disqualified|disqualify
doglegged|dogleg
dowdier|dowdy
dowier|dowie
draggiest|draggy
dryer|dry
dunned|dun
duonas|duodenum
electrified|electrify
endotheliomata|endothelioma
entamebae|entameba
epencephala|epencephalon
epicedia|epicedium
epizoa|epizoan
flaggiest|flaggy
flown|fly
forbad|forbid
fundi|fundus
furfures|furfur
gliomata|glioma
grassier|grassy
groutiest|grouty
gullied|gully
gumming|gum
hematozoa|hematozoon
hoarier|hoary
hocussed|hocus
horologia|horologium
hyperostoses|hyperostosis
incurred|incur
inferring|infer
jollified|jollify
jotted|jot
kindlier|kindly
ladies-in-waiting|lady-in-waiting
laid|lay
lapithae|lapith
laurelled|laurel
lay|lie
leapt|leap
leaving_undone|leave_undone
levelling|level
lippiest|lippy
liter|liter
livelier|lively
loaves|loaf
loculi|loculus
lyings-in|lying-in
lymphangitides|lymphangitis
lymphomata|lymphoma
magnified|magnify
mammae|mamma
manning|man
marchese|marchesa
men-at-arms|man-at-arms
menservants|manservant
mistaken|mistake
modelled|model
moslims|moslem
mouldiest|mouldy
movers_and_shakers|mover_and_shaker
mucrones|mucro
muzzier|muzzy
negritoes|negrito
nickelling|nickel
optima|optimum
outcropping|outcrop
outstripping|outstrip
overdone|overdo
overshot|overshoot
padded|pad
paddlefishes|paddlefish
panettoni|panettone
passer|passer
patted|pat
penetralium|penetralia
pettiest|petty
piniest|piny
pinned|pin
pipped|pip
pithiest|pithy
pleurae|pleura
prothoraces|prothorax
proventriculi|proventriculus
rabatos|rabato
rang|ring
ranulae|ranula
ribbonfishes|ribbonfish
ricochetted|ricochet
ridden|ride
rigidified|rigidify
rowelled|rowel
sagging|sag
scorified|scorify
scudi|scudo
setae|seta
shed|shed
shikarring|shikar
shipping|ship
sightliest|sightly
single-stepped|single-step
slabbing|slab
slatier|slaty
slid|slide
slimsier|slimsy
slyest|sly
smalti|smalto
soupiest|soupy
spiciest|spicy
splashiest|splashy
squattest|squat
stagiest|stagy
stenoses|stenosis
streptococci|streptococcus
sudatoria|sudatorium
supplied|supply
syconia|syconium
tableaux|tableau
tawdrier|tawdry
telangiectases|telangiectasia
terraria|terrarium
thriven|thrive
throatier|throaty
timeliest|timely
tittupping|tittup
trashier|trashy
trepanning|trepan
trustier|trusty
undercutting|undercut
undersetting|underset
understudied|understudy
unripping|unrip
unstepped|unstep
upswept|upsweep
volkslieder|volkslied
warier|wary
washiest|washy
weakfishes|weakfish
whizzing|whiz
wispiest|wispy
yapping|yap
addrest|address
altostrati|altostratus
amygdalae|amygdala
angiomata|angioma
ashiest|ashy
awoken|awake
baby-sitting|baby-sit
backbitten|backbite
bagging|bag
bandier|bandy
basified|basify
befitted|befit
bicennaries|bicentenary
bloodthirstiest|bloodthirsty
blotting|blot
bronchi|bronchus
brought|bring
bullyragging|bullyrag
bumming|bum
bypast|bypass
calami|calamus
caldaria|caldarium
canned|can
canopied|canopy
canter|canter
canthi|canthus
carabinieri|carabiniere
carolling|carol
catenae|catena
chaetae|chaeta
chivvies|chivy
ciboria|ciborium
clammiest|clammy
classiest|classy
cleanlier|cleanly
clove|cleave
clung|cling
co-ordinate|coordinate
coder|coder
conchae|concha
coquetting|coquet
crases|crasis
crayfishes|crayfish
crematoria|crematorium
cribbed|crib
cymae|cyma
daintiest|dainty
decalcified|decalcify
dingoes|dingo
dinkiest|dinky
disinterred|disinter
doglegging|dogleg
dorsa|dorsum
draggier|draggy
dulcified|dulcify
dunning|dun
earthliest|earthly
edemata|edema
edger|edger
enamelled|enamel
endothelia|endothelium
entera|enteron
ferried|ferry
flaggier|flaggy
force-fed|force-feed
foreseen|foresee
forspoken|forspeak
foxtrotted|foxtrot
frenchiest|frenchy
gabbiest|gabby
gadded|gad
gembucks|gemsbuck
given|give
glottides|glottis
goes_deep|go_deep
grew|grow
gripped|grip
groutier|grouty
gypped|gyp
haeredes|haeres
haggadoth|haggada
halves|half
heliozoa|heliozoan
hemodialyses|hemodialysis
hid|hide
hitting|hit
hocussing|hocus
iciest|icy
impanelled|impanel
incurring|incur
inlaid|inlay
jerry-built|jerry-build
jewelfishes|jewelfish
jotting|jot
killifishes|killifish
knitted|knit
ladyfies|ladify
lankiest|lanky
laurelling|laurel
layer|layer
lippier|lippy
loggie|loggia
looked_towards|look_towards
machine-gunned|machine-gun
madornos|madrono
major-axes|major_axis
manliest|manly
metazoa|metazoan
milkfishes|milkfish
minima|minimum
mitochondria|mitochondrion
mobbed|mob
modelling|model
moldiest|moldy
morulae|morula
mouldier|mouldy
mummed|mum
nares|naris
navahoes|navaho
outcried|outcry
outshone|outshine
overbidding|overbid
padding|pad
paramenta|parament
parkiest|parky
patting|pat
pent|pen
pettier|petty
pinier|piny
pinkoes|pinko
pinning|pin
pipping|pip
pithier|pithy
plasmodesmata|plasmodesma
plays_a_part|play_a_part
pled|plead
podia|podium
portamenti|portamento
primordia|primordium
prolepses|prolepsis
pudenda|pudendum
punchiest|punchy
queried|query
rallied|rally
rebelled|rebel
rebutted|rebut
referred|refer
replied|reply
reseaux|reseau
ricochetting|ricochet
right-winger|right-winger
rosaria|rosarium
rosiest|rosy
rowelling|rowel
said|say
saltiest|salty
sappiest|sappy
septaria|septarium
sewn|sew
shackoes|shacko
shopped|shop
sightlier|sightly
silliest|silly
single-stepping|single-step
slain|slay
slugged|slug
slyer|sly
snogged|snog
soggiest|soggy
soupier|soupy
spicier|spicy
spicula|spiculum
spindliest|spindly
splashier|splashy
squatter|squat
stagier|stagy
stamina|stamen
steamiest|steamy
stemmed|stem
strove|strive
strung|string
sturdiest|sturdy
supped|sup
swimming|swim
tastiest|tasty
thirstiest|thirsty
thoraces|thorax
thought|think
threw_out|throw_out
timelier|timely
traumata|trauma
trimmest|trim
trochleae|trochlea
uigurs|uighur
vires|vis
vulvae|vulva
washier|washy
whackiest|whacky
wispier|wispy
worldliest|worldly
worthiest|worthy
yummiest|yummy
took_pains|take_pains
twinned|twin
unstepping|unstep
wadsetted|wadset
waylaid|waylay
wildcatted|wildcat
acquitted|acquit
acre-feet|acre-foot
actiniae|actinia
alto-relievos|alto-relievo
aphelia|aphelion
apodoses|apodosis
arcked|arc
arisen|arise
ascogonia|ascogonium
atheromata|atheroma
bacilli|bacillus
backer|backer
beautified|beautify
bitchier|bitchy
bossiest|bossy
brethren|brother
britisher|britisher
broadleaves|broadleaf
bullshitted|bullshit
canzoni|canzone
chanciest|chancy
chromonemata|chromonema
chummier|chummy
chumming|chum
chuvashes|chuvash
cirrostrati|cirrostratus
co-starred|co-star
collied|colly
comfiest|comfy
coryphaei|coryphaeus
crania|cranium
crapping|crap
cubbing|cub
customer|customer
cylices|cylix
decontrolling|decontrol
demitted|demit
dimmed|dim
dogfishes|dogfish
donned|don
drabbed|drab
drawknives|drawknife
drivelling|drivel
drowsiest|drowsy
embussed|embus
emptied|empty
entozoa|entozoan
epexegeses|epexegesis
epiphyses|epiphysis
facetted|facet
fancied|fancy
fibbed|fib
fitted|fit
flabbiest|flabby
flatted|flat
fleeciest|fleecy
flittermice|flittermouse
frivolling|frivol
funnelling|funnel
garfishes|garfish
gesellschaften|gesellschaft
gibbing|gib
ginning|gin
glandes|glans
goings-over|going-over
goosier|goosy
got_started|get_started
gradeliest|gradely
gravelled|gravel
greasier|greasy
grounder|grounder
gynecea|gynecium
hallot|hallah
handicapping|handicap
has|have
hedgehopping|hedgehop
herren|herr
hipper|hip
hippocampi|hippocampus
homeliest|homely
homunculi|homunculus
hypothalami|hypothalamus
ingushes|ingush
irs|irs
jetted|jet
joins_battle|join_battle
keeshonden|keeshond
knelt|kneel
lairier|lairy
lallygagging|lallygag
lammed|lam
leafier|leafy
leerier|leery
leges|lex
leggiest|leggy
liquefied|liquefy
lowlander|lowlander
lunulae|lunula
lyses|lysis
macronuclei|macronucleus
massier|massy
medusae|medusa
microsporangia|microsporangium
mingiest|mingy
moratoria|moratorium
muskallunge|muskellunge
mustiest|musty
nipped|nip
nippiest|nippy
nodi|nodus
oilier|oily
organa|organon
organums|organa
ostia|ostium
outdrawn|outdraw
overflown|overflow
palmier|palmy
panicking|panic
paperknives|paperknife
parentheses|parenthesis
pasos_dobles|paso_doble
pasquilled|pasquinade
petrified|petrify
pistol-whipping|pistol-whip
platiest|platy
plodded|plod
plotted|plot
pluckiest|plucky
plugged|plug
pocketknives|pocketknife
podetia|podetium
porter|porter
precancelled|precancel
prologs|prologue
proven|prove
provisoes|proviso
pterylae|pteryla
quadrennia|quadrennium
rarefied|rarefy
reales|real
rectrices|rectrix
reified|reify
replevied|replevy
retrofitted|retrofit
revelling|revel
revetting|revet
revved|rev
rickettsiae|rickettsia
rode|ride
runniest|runny
sacra|sacrum
sclerotia|sclerotium
scoriae|scoria
scrammed|scram
shaken|shake
shittim|shittah
shrink-wrapping|shrink-wrap
skenned|sken
slaphappiest|slaphappy
sloppier|sloppy
slopping|slop
spent|spend
spermatia|spermatium
squashiest|squashy
stall-fed|stall-feed
stelae|stele
stencilling|stencil
stotting|stot
suckfishes|suckfish
swabbed|swab
swatted|swat
sweatier|sweaty
swivelling|swivel
taking_steps|take_steps
threadier|thready
toper|toper
tori|torus
transshipping|transship
tripped|trip
underlaid|underlay
unfriendliest|unfriendly
ungodliest|ungodly
unknitted|unknit
victualling|victual
vivaria|vivarium
voces|vox
wordier|wordy
worried|worry
ycleped|clepe
ammonified|ammonify
antalkalies|antalkali
antependia|antependium
apotheoses|apotheosis
argufied|argufy
attacker|attacker
barramundies|barramundi
batting|bat
bestirring|bestir
billfishes|billfish
bimboes|bimbo
bit|bite
bivouacked|bivouac
blowsier|blowsy
blue-pencilled|blue-pencil
bluest|blue
booziest|boozy
bought|buy
brainchildren|brainchild
brassier|brassy
broodiest|broody
bullwhipping|bullwhip
burnt|burn
bushelling|bushel
cagier|cagey
calli|callus
candlefishes|candlefish
carillonned|carillon
carnified|carnify
cerebella|cerebellum
chinned|chin
chintziest|chintzy
chunkier|chunky
clapped|clap
confervae|conferva
courtlier|courtly
craftiest|crafty
crumblier|crumbly
culs-de-sac|cul-de-sac
curetting|curet
dagging|dag
dallied|dally
damnified|damnify
deferred|defer
defied|defy
degassing|degas
denazified|denazify
devilled|devil
disbudding|disbud
dormice|dormouse
drachmae|drachma
dreariest|dreary
embodied|embody
enthralled|enthral
estopping|estop
excelling|excel
fedayeen|fedayee
flamines|flamen
flatfeet|flatfoot
fled|flee
flukiest|fluky
folia|folium
formatting|format
funiculi|funiculus
fustiest|fusty
gammed|gam
gassed|gas
geckoes|gecko
ghettoes|ghetto
gigged|gig
globefishes|globefish
glommed|glom
glutted|glut
goyim|goy
gynaecia|gynaecium
hammier|hammy
hardier|hardy
hasidim|hasid
headiest|heady
hobbing|hob
horsiest|horsy
hugging|hug
hurried|hurry
hydrae|hydra
imperia|imperium
inocula|inoculum
interstratified|interstratify
inwrapping|inwrap
jazzier|jazzy
jibbing|jib
katabases|katabasis
kidnapping|kidnap
layed_for|lie_for
logiest|logy
maligner|maligner
mankier|manky
marvelling|marvel
marvels-of-peru|marvel-of-peru
mass_media|mass_medium
maxillae|maxilla
medalling|medal
mementoes|memento
mesdemoiselles|mademoiselle
mestizoes|mestizo
might|may
mimicked|mimic
misfitted|misfit
mollified|mollify
mycobacteria|mycobacterium
naughtier|naughty
nuttier|nutty
offsetting|offset
ottomans|othman
outfought|outfight
outmanned|outman
overnighter|overnighter
pacified|pacify
paraselenae|paraselene
personae|persona
pithoi|pithos
planetaria|planetarium
pneumococci|pneumococcus
popping|pop
pottier|potty
pricklier|prickly
pseudopodia|pseudopodium
raciest|racy
recapping|recap
reft|reave
remarried|remarry
resat|resit
resitting|resit
ripping|rip
rushiest|rushy
sailfishes|sailfish
sank|sink
sawfishes|sawfish
scanning|scan
schatchonim|schatchen
scleromata|scleroma
scleroses|sclerosis
scraggier|scraggy
scrawniest|scrawny
scurvier|scurvy
seconder|seconder
seemliest|seemly
shophroth|shophar
siliquae|siliqua
silkier|silky
simulacra|simulacrum
sinfonie|sinfonia
situlae|situla
slatted|slat
slimier|slimy
slinkier|slinky
soppiest|soppy
sori|sorus
spiffiest|spiffy
spoon-fed|spoon-feed
sporogonia|sporogonium
staphylococci|staphylococcus
stoniest|stony
strapped|strap
stretchier|stretchy
strode|stride
stubbed|stub
stuffiest|stuffy
sung|sing
swankiest|swanky
swarthier|swarthy
sworn|swear
tallitoth|tallith
tally-ho'd|tally-ho
tegmina|tegmen
thornier|thorny
transhipping|tranship
trimer|trimer
trousseaux|trousseau
underpropping|underprop
upbuilt|upbuild
vaginae|vagina
vetting|vet
whimsiest|whimsy
whipped|whip
withstood|withstand
abutting|abut
acanthi|acanthus
acari|acarus
ad-libbed|ad-lib
alkalified|alkalify
alumni|alumnus
amniocenteses|amniocentesis
amoebae|amoeba
anamorphoses|anamorphosis
angrier|angry
aspergilla|aspergillum
autos-da-fe|auto-da-fe
bacula|baculum
bassi|basso
bawdier|bawdy
becomes_known|become_known
beefier|beefy
beeves|beef
belying|belie
bestrode|bestride
best|well
biassing|bias
blearier|bleary
boarfishes|boarfish
borne|bear
calathi|calathus
camerae|camera
cancelling|cancel
capricci|capriccio
caryopsides|caryopsis
cattaloes|cattalo
cerci|cercus
chevied|chivy
chlamydes|chlamys
cicadae|cicada
clanos|clarino
clipping|clip
co-ordinating|coordinate
codding|cod
codices|codex
consortia|consortium
corrigenda|corrigendum
craggier|craggy
crawliest|crawly
debarring|debar
decemviri|decemvir
denarii|denarius
dibbed|dib
dopiest|dopey
dreamiest|dreamy
dressiest|dressy
dumpier|dumpy
easiest|easy
easter|easter
enwound|enwind
epentheses|epenthesis
epididymides|epididymis
exempla|exemplum
exordia|exordium
fallen|fall
farragoes|farrago
ferulae|ferula
fleshier|fleshy
flightier|flighty
flimflammed|flimflam
forceps|forceps
forespoke|forespeak
fretted|fret
gagging|gag
giddied|giddy
gone_deep|go_deep
goodliest|goodly
got|get
grisliest|grisly
having_the_feeling|have_the_feeling
hydromedusae|hydromedusa
incubi|incubus
indigoes|indigo
inspanned|inspan
intensified|intensify
jacks-in-the-box|jack-in-the-box
joins_forces|join_forces
jugged|jug
kings-of-arms|king-of-arms
lacunaria|lacunar
leaves_undone|leave_undone
logged|log
loner|loner
lullabied|lullaby
madding|mad
mainer|mainer
mamillae|mamilla
marchesi|marchese
matting|mat
mesentera|mesenteron
metacarpi|metacarpus
miffier|miffy
mightiest|mighty
milkiest|milky
modeler|modeler
nagged|nag
narcissi|narcissus
nastier|nasty
nitrified|nitrify
nodded|nod
non-prossed|non-pros
nymphae|nympha
oculi|oculus
outwent|outgo
overheard|overhear
parcelled|parcel
pericardia|pericardium
pericrania|pericranium
perinea|perineum
pitchier|pitchy
pubbed|pub
quakier|quaky
quickstepped|quickstep
rammed|ram
rattliest|rattly
referenda|referendum
remitted|remit
rhabdomyomata|rhabdomyoma
seamier|seamy
sent|send
shadier|shady
shedding|shed
shook|shake
shredding|shred
shrubbier|shrubby
ski'd|ski
slitting|slit
slurring|slur
smarmier|smarmy
smelliest|smelly
smokier|smoky
snagging|snag
snowiest|snowy
soothsaid|soothsay
sopping|sop
sordini|sordino
sorrier|sorry
speediest|speedy
spriest|spry
springer|springer
starrier|starry
stigmata|stigma
stomodea|stomodeum
stripping|strip
strobili|strobilus
subcortices|subcortex
sullied|sully
summing|sum
taking_pains|take_pains
tanned|tan
tapped|tap
tectrices|tectrix
tetchier|tetchy
threw|throw
throbbed|throb
throws_out|throw_out
tinselled|tinsel
totalling|total
trabeculae|trabecula
triennia|triennium
trotted|trot
truer|true
tubbiest|tubby
tunnelling|tunnel
undershot|undershoot
unravelled|unravel
unsaid|unsay
untrod|untread
uprose|uprise
vela|velum
vimina|vimen
volte|volta
vorticellae|vorticella
wagons-lits|wagon-lit
whapping|whap
wives|wife
woodlice|woodlouse
wooziest|woozy
wrought|work
zoeas|zoaea
abye|aby
amphimixes|amphimixis
androsphinges|androsphinx
annuli|annulus
antitragi|antitragus
aspergilloses|aspergillosis
backslid|backslide
beadiest|beady
begging|beg
bellied|belly
berried|berry
branchiae|branchia
browbeaten|browbeat
burster|burster
cambia|cambium
choppiest|choppy
chummed|chum
cloven|cleave
cola|colon
comedones|comedo
concerti_grossi|concerto_grosso
corpora_striata|corpus_striatum
cracker|cracker
crapped|crap
crawlier|crawly
cubbed|cub
cumuli|cumulus
dagoes|dago
daymio|daimio
decontrolled|decontrol
demobbing|demob
descried|descry
diagnoses|diagnosis
dirtied|dirty
dishiest|dishy
dogging|dog
dollied|dolly
dopier|dopey
dreamier|dreamy
dressier|dressy
drivelled|drivel
dropping|drop
drumming|drum
dustiest|dusty
earthiest|earthy
easier|easy
eavesdropping|eavesdrop
elves|elf
enchondromata|enchondroma
epicanthi|epicanthus
epimysia|epimysium
errata|erratum
eyeteeth|eyetooth
faker|faker
feculae|fecula
fledgiest|fledgy
flopping|flop
fobbing|fob
forbore|forbear
forgetting|forget
frenula|frenulum
frivolled|frivol
fungi|fungus
funnelled|funnel
furculae|furcula
gave|give
gelsemia|gelsemium
gibbed|gib
gingkoes|gingko
ginned|gin
gnawn|gnaw
goodlier|goodly
goriest|gory
grislier|grisly
groggiest|groggy
handicapped|handicap
hastiest|hasty
hedgehopped|hedgehop
hemolyses|hemolysis
hynia|hymenium
joypopping|joypop
ko'ing|ko
labia|labium
lallygagged|lallygag
latifundia|latifundium
leveler|leveler
loveliest|lovely
lying|lie
magnificoes|magnifico
makuta|likuta
mammillae|mammilla
matzoth|matzo
messiest|messy
mightier|mighty
milkier|milky
mortified|mortify
mutinied|mutiny
neediest|needy
nosiest|nosy
number|number
ooziest|oozy
outgrew|outgrow
overgrown|overgrow
overtook|overtake
overtopping|overtop
ovoli|ovolo
panicked|panic
pennia|penni
penning|pen
pepping|pep
perkiest|perky
phantasied|phantasy
pharynges|pharynx
pistol-whipped|pistol-whip
planning|plan
plectra|plectron
podgiest|podgy
prettied|pretty
primming|prim
prosencephala|prosencephalon
pushiest|pushy
quarried|quarry
rattlier|rattly
redfishes|redfish
refuelling|refuel
relata|relatum
retia|rete
reunified|reunify
revelled|revel
revetted|revet
revivified|revivify
romans-fleuves|roman-fleuve
scolices|scolex
scyphistomae|scyphistoma
sensilla|sensillum
sheatfishes|sheatfish
shiftiest|shifty
shone|shine
shrink-wrapped|shrink-wrap
skellied|skelly
skimming|skim
skydove|skydive
slidden|slide
slopped|slop
smellier|smelly
smit|smite
snowier|snowy
speedier|speedy
spottiest|spotty
sprier|spry
stencilled|stencil
stotted|stot
strongest|strong
stultified|stultify
styli|stylus
submucosae|submucosa
surgeonfishes|surgeonfish
swivelled|swivel
swopping|swap
symposia|symposium
tabbing|tab
taken_pains|take_pains
talcking|talc
tangiest|tangy
tarring|tar
tatting|tat
taxes|tax
testiest|testy
thickleaves|thickleaf
thinning|thin
tinning|tin
tipping|tip
tornadoes|tornado
torrify|torrefy
tragi|tragus
transshipped|transship
tricksiest|tricksy
trigging|trig
trowelling|trowel
tubbier|tubby
unclad|unclothe
undergone|undergo
unlearnt|unlearn
upping|up
vagging|vag
velamina|velamen
victualled|victual
wanderjahre|wanderjahr
weed|weed
went_deep|go_deep
werewolves|werewolf
woozier|woozy
agnomina|agnomen
all-arounder|all-arounder
amoraim|amora
amphicia|amphithecium
antiheroes|antihero
aortae|aorta
appendices|appendix
arses|arsis
artel|rotl
assaulter|assaulter
bateaux|bateau
befitting|befit
blatted|blat
blipped|blip
blowier|blowy
blowsiest|blowsy
borborygmi|borborygmus
brashier|brashy
brassiest|brassy
brothers-in-law|brother-in-law
buckoes|bucko
bulkier|bulky
cagiest|cagey
canning|can
caster|caster
caught|catch
cercariiae|cercaria
charier|chary
chefs-d'ouvre|chef-d'ouvre
chunkiest|chunky
cockneyfied|cockneyfy
collegia|collegium
conversazioni|conversazione
counterplotted|counterplot
courtliest|courtly
crabbier|crabby
credenda|credendum
cribbing|crib
crosscutting|crosscut
crumbliest|crumbly
culices|culex
disci|discus
disinterring|disinter
drawn|draw
drubbed|drub
dwarves|dwarf
earlier|early
emitted|emit
enamelling|enamel
esophagi|esophagus
euripi|euripus
extrema|extremum
fathers-in-law|father-in-law
flights_of_stairs|flight_of_stairs
flocci|floccus
florilegia|florilegium
flubbed|flub
folder|folder
fordid|fordo
found|find
foveae|fovea
foxtrotting|foxtrot
friendlier|friendly
gadding|gad
gametangia|gametangium
genua|genu
gilt|gild
gloomier|gloomy
gripping|grip
grittier|gritty
gynecia|gynecium
gypping|gyp
haematomata|haematoma
hammed|ham
hammiest|hammy
hardiest|hardy
heartier|hearty
hermai|herma
heroes|hero
hidden|hide
hopped|hop
ideata|ideatum
impanelling|impanel
inkier|inky
innuendoes|innuendo
jazziest|jazzy
knitting|knit
lagged|lag
lain|lie
lakier|laky
leapfrogged|leapfrog
leaves|leaf
lengthier|lengthy
liquified|liquify
litu|litas
lonelier|lonely
loonier|loony
machine-gunning|machine-gun
mankiest|manky
mariner|mariner
markkaa|markka
married|marry
media|medium
misapplied|misapply
misbecame|misbecome
misgiven|misgive
mobbing|mob
mousier|mousy
muckier|mucky
muddied|muddy
mudfishes|mudfish
muggier|muggy
mumming|mum
naughtiest|naughty
nid-nodded|nid-nod
numbfishes|numbfish
nutted|nut
nuttiest|nutty
outdone|outdo
outrode|outride
outshot|outshoot
overbidden|overbid
overblew|overblow
overcame|overcome
overdrove|overdrive
palmettoes|palmetto
papillomata|papilloma
perichondria|perichondrium
periphrases|periphrasis
personified|personify
petechiae|petechia
podded|pod
porticoes|portico
potted|pot
pottiest|potty
prickliest|prickly
pried|pry
proces-verbaux|proces-verbal
proglottides|proglottid
proscenia|proscenium
pugged|pug
rapped|rap
rebelling|rebel
rebutting|rebut
referring|refer
remade|remake
rewritten|rewrite
ridded|rid
rilievi|rilievo
sanctified|sanctify
sat|sit
saucier|saucy
scatted|scat
scragged|scrag
scraggiest|scraggy
scurviest|scurvy
scyphi|scyphus
separatrices|separatrix
shinleaves|shinleaf
shoddier|shoddy
shopping|shop
silkiest|silky
sketchier|sketchy
slimiest|slimy
slinkiest|slinky
slugging|slug
snogging|snog
spreader|spreader
stemming|stem
stretchiest|stretchy
striae|stria
supping|sup
swagger|swagger
swam|swim
swarthiest|swarthy
syncytia|syncytium
taxa|taxon
teenier|teeny
teniae|tenia
thorniest|thorny
torrefied|torrefy
trader|trader
trameled|trammel
treponemata|treponema
triskelia|triskelion
trogged|trog
twinning|twin
typesetting|typeset
uglier|ugly
unthought|unthink
untying|untie
uvulae|uvula
vivified|vivify
wadsetting|wadset
weaklier|weakly
webbier|webby
wittier|witty
zoonoses|zoonosis
water-ski'd|water-ski
whinnied|whinny
wildcatting|wildcat
about-shipped|about-ship
agents-general|agent-general
aggiornamenti|aggiornamento
allowing_for|allow_for
angelfishes|angelfish
antheridia|antheridium
anthraces|anthrax
atmolyses|atmolysis
beaten|beat
beholden|behold
boxfishes|boxfish
brevetted|brevet
budding|bud
burrier|burry
burring|bur
canalling|canal
cavilling|cavil
chapped|chap
chivvying|chivy
chlamyses|chlamys
chuffiest|chuffy
citified|citify
clingfishes|clingfish
clumsiest|clumsy
coiffing|coif
comatulae|comatula
coronae|corona
counselling|counsel
craziest|crazy
creamiest|creamy
culti|cultus
desperadoes|desperado
diathses|diathesis
disannulled|disannul
disbarring|disbar
disembowelling|disembowel
duskier|dusky
echinococci|echinococcus
ephemerides|ephemeris
fallfishes|fallfish
fattier|fatty
fatting|fat
finnier|finny
finning|fin
flabella|flabellum
flakiest|flaky
flapping|flap
flitting|flit
foreshown|foreshow
frenzied|frenzy
ganglia|ganglion
gateaux|gateau
gawkiest|gawky
gonidia|gonidium
gummiest|gummy
haematolyses|haematolysis
harried|harry
hatchelling|hatchel
having_left|have_left
hemming|hem
hinnied|hinny
hypogastria|hypogastrium
hyraces|hyrax
joining_battle|join_battle
known|know
labelled|label
ladyfying|ladify
laminae|lamina
limbi|limbus
loopiest|loopy
marshalled|marshal
medullae|medulla
megilloth|megillah
meioses|meiosis
micrococci|micrococcus
militated_against|militate_against
mirkier|mirky
miscarried|miscarry
mucosae|mucosa
myofibrillae|myofibrilla
necropoleis|necropolis
oceanaria|oceanarium
ommiades|ommiad
osteomata|osteoma
outgassed|outgas
outspanned|outspan
parallelling|parallel
paramecia|paramecium
parietes|paries
pasquil|pasquinade
patchiest|patchy
pectines|pecten
pekingese|pekinese
perionychia|perionychium
piggier|piggy
pigging|pig
plopping|plop
pronephra|pronephros
prophesied|prophesy
propyla|propylon
pulvilli|pulvillus
putamina|putamen
pylori|pylorus
redding|red
red|red
refugia|refugium
retting|ret
rustiest|rusty
scaleni|scalenus
scarabaei|scarabaeus
scungiest|scungy
sequestra|sequestrum
shmoes|shmo
sicked|sic
skin-popping|skin-pop
slogged|slog
snailfishes|snailfish
snivelling|snivel
snottiest|snotty
snugged|snug
sobbed|sob
sootier|sooty
spearfishes|spearfish
spied|spy
spitted|spit
spoilt|spoil
stabbed|stab
starer|starer
starred|star
stems_from|stem_from
stepped|step
stockiest|stocky
stodgier|stodgy
stormier|stormy
stringier|stringy
strumae|struma
studded|stud
swapping|swap
taken_a_side|take_a_side
tapeta|tapetum
teaselled|teasel
teenager|teenager
throwing_out|throw_out
took_steps|take_steps
totting|tot
traditores|traditor
trafficked|traffic
trapezohedra|trapezohedron
typewritten|typewrite
uglies|ugli
uncidia|uredium
unmanning|unman
unwrapping|unwrap
unzipped|unzip
vastiest|vasty
waviest|wavy
windiest|windy
wiredrawn|wiredraw
wove|weave
yenned|yen
zanier|zany
actinozoa|actinozoan
amnia|amnion
amphisbaenae|amphisbaena
aponeuroses|aponeurosis
appoggiature|appoggiatura
argumenta|argumentum
ascidia|ascidium
bacchantes|bacchant
banjoes|banjo
basileis|basileus
belly-flopping|belly-flop
betook|betake
bing|bing
bloodied|bloody
bluer|blue
bobbed|bob
boozier|boozy
broodier|broody
buggiest|buggy
burliest|burly
caddied|caddie
carnied|carny
cathari|cathar
chatting|chat
chintzier|chintzy
chiselling|chisel
clad|clothe
clogging|clog
committed|commit
compelling|compel
controlled|control
craftier|crafty
crescendi|crescendo
curvetted|curvet
cypselae|cypsela
deified|deify
deserter|deserter
didoes|dido
dippiest|dippy
disenthralling|disenthral
dive|diva
drearier|dreary
drugged|drug
drumfishes|drumfish
embedded|embed
emphases|emphasis
eringoes|eringo
etyma|etymon
exemplified|exemplify
fiddliest|fiddly
flammed|flam
flukier|fluky
flung|fling
fora|forum
forgotten|forget
frapped|frap
freeze-dried|freeze-dry
fricandeaux|fricandeau
fried|fry
frogged|frog
frowsiest|frowsy
frozen|freeze
fustier|fusty
generatrices|generatrix
geneses|genesis
giftwrapping|giftwrap
gurnards|gurnar
gustiest|gusty
guttae|gutta
had_the_feeling|have_the_feeling
hatted|hat
headier|heady
herbiest|herby
horsier|horsy
jammiest|jammy
kaddishim|kaddish
kernelled|kernel
knights_bachelors|knight_bachelor
knotting|knot
labra|labrum
logier|logy
lungfishes|lungfish
luniest|luny
marring|mar
marsupia|marsupium
men_of_letters|man_of_letters
militates_against|militate_against
misgave|misgive
moshavim|moshav
mudding|mud
newsiest|newsy
nidi|nidus
occipita|occiput
oedemata|edema
omitted|omit
outworn|outwear
overlain|overlie
paleae|palea
panelling|panel
papulae|papula
parodied|parody
parrotfishes|parrotfish
patellae|patella
periostea|periosteum
pitted|pit
pommelling|pommel
prigged|prig
princeliest|princely
prothalamia|prothalamion
put-putted|put-put
quick-froze|quick-freeze
racier|racy
reran|rerun
rondeaux|rondeau
rotted|rot
rushier|rushy
scantiest|scanty
scirrhi|scirrhus
scopulae|scopula
scrappiest|scrappy
scrawnier|scrawny
seemlier|seemly
selves|self
signer|signer
simplified|simplify
sistra|sistrum
slept|sleep
smutted|smut
soppier|soppy
soroses|sorosis
souther|souther
spellbound|spellbind
spiffier|spiffy
springhase|springhaas
stetting|stet
stonier|stony
stuffier|stuffy
subphyla|subphylum
sulphuretting|sulphuret
swankier|swanky
swung|swing
syllabified|syllabify
syringes|syrinx
takes_a_side|take_a_side
takes_pains|take_pains
tedded|ted
thalami|thalamus
thalli|thallus
thecae|theca
thought_the_world_of|think_the_world_of
throve|thrive
tonneaux|tonneau
tramels|trammel
trekked|trek
trendiest|trendy
triforia|triforium
untidied|untidy
weatherstripping|weatherstrip
went|go
whetting|whet
whimsier|whimsy
zamindaris|zamindari
adenocarcinomata|adenocarcinoma
aecia|aecium
air-dried|air-dry
amoretti|amoretto
amphioxi|amphioxus
antihelices|antihelix
araglis|argali
archipelagoes|archipelago
axes|ax
baby-sat|baby-sit
balkiest|balky
batfishes|batfish
bedevilling|bedevil
began|begin
bersaglieri|bersagliere
bhishties|bheesty
bibliothecae|bibliotheca
biggest|big
bloodiest|bloody
breeziest|breezy
bregmata|bregma
buffaloes|buffalo
caddying|caddie
catchier|catchy
cattiest|catty
caules|caulis
cembali|cembalo
cercariae|cercaria
chalutzim|chalutz
chateaux|chateau
chidden|chide
cingula|cingulum
clemmed|clem
combatted|combat
concerti|concerto
continua|continuum
copulae|copula
cristae|crista
cupelling|cupel
deep-fried|deep-fry
diaereses|diaeresis
diastalses|diastalsis
dispelling|dispel
distilling|distil
dodgiest|dodgy
dubbing|dub
entrapped|entrap
equipped|equip
farmers-general|farmer-general
faroese|faroese
felt|feel
fideicommissa|fideicommissum
floppier|floppy
folksier|folksy
forerunning|forerun
forwent|forgo
fritting|frit
gapped|gap
genned-up|gen-up
gippoes|gippo
glibber|glib
glochidcia|glochidium
goose-stepped|goose-step
gorgoneia|gorgoneion
gotten|get
graven|grave
grubbed|grub
gurnard|gurnar
gynoecia|gynoecium
helices|helix
hetaerae|hetaera
hetairai|hetaira
hovelled|hovel
hypertrophied|hypertrophy
hypogea|hypogeum
intermitted|intermit
interwove|interweave
jagging|jag
jinn|jinni
knew|know
knights_bachelor|knight_bachelor
larynges|larynx
latices|latex
leakier|leaky
lepidoptera|lepidopteran
libretti|libretto
lubritoria|lubritorium
malleoli|malleolus
manubria|manubrium
masters-at-arms|master-at-arms
misspent|misspend
monsignori|monsignor
monts-de-piete|mont-de-piete
nonplussed|nonplus
northerner|northerner
nucleoli|nucleolus
outdid|outdo
outputting|output
overtaken|overtake
panning|pan
papyri|papyrus
paraleipses|paraleipsis
pedes|pes
pencilling|pencil
peppier|peppy
poster|poster
prodding|prod
prologing|prologue
propositi|propositus
pterygia|pterygium
puffier|puffy
pulvini|pulvinus
quadrigae|quadriga
quaggier|quaggy
quarrelled|quarrel
quartersawn|quartersaw
quizzes|quiz
ranunculi|ranunculus
ravelled|ravel
recommitted|recommit
reediest|reedy
retransmitting|retransmit
rigging|rig
rimiest|rimy
robbing|rob
rowdiest|rowdy
saguaros|saguaro
saw|see
scagging|scag
scoleces|scolex
scumming|scum
shagged|shag
shakier|shaky
sharecropping|sharecrop
shillyshallied|shillyshally
shiniest|shiny
shirtiest|shirty
siddurim|siddur
sidestepping|sidestep
sinned|sin
skewer|skewer
skimpiest|skimpy
skinny-dipped|skinny-dip
slummed|slum
snapped|snap
sniffiest|sniffy
solemnified|solemnify
sovkhozy|sovkhoz
spancelled|spancel
spicae|spica
spikier|spiky
stove|stave
streamiest|streamy
stroppiest|stroppy
stuccoes|stucco
stung|sting
sunniest|sunny
synclinoria|synclinorium
tattier|tatty
techiest|techy
thudding|thud
tinnier|tinny
torn|tear
touchier|touchy
tramming|tram
turfier|turfy
tut-tutting|tut-tut
ubermenschen|ubermensch
uncapping|uncap
underwritten|underwrite
ungainliest|ungainly
unhappiest|unhappy
unshipping|unship
untidiest|untidy
varices|varix
vascula|vasculum
viatores|viator
vortices|vortex
was|be
weensiest|weensy
weightiest|weighty
wrapped|wrap
acicula|aciculum
annattos|anatto
asci|ascus
autocatalyses|autocatalysis
backslidden|backslide
bandeaux|bandeau
barmier|barmy
barrelling|barrel
bedded|bed
bedimming|bedim
befell|befall
begotten|beget
betted|bet
bilboes|bilbo
bootlegged|bootleg
broadcast_media|broadcast_medium
built|build
burriest|burry
bursae|bursa
calices|calix
cervices|cervix
chinese_eddoes|chinese_eddo
chivvied|chivy
chondromata|chondroma
chose|choose
cineraria|cinerarium
clamming|clam
clostridia|clostridium
clotting|clot
cochleae|cochlea
cockier|cocky
codfishes|codfish
conferred|confer
cooks-general|cook-general
cortices|cortex
cozier|cozy
crept|creep
crying|cry
cudgelling|cudgel
cumulonimbi|cumulonimbus
curricula|curriculum
cylikes|cylix
cymatia|cymatium
dammed|dam
devilfishes|devilfish
diagramming|diagram
dominoes|domino
done|do
dotted|dot
dunner|dun
duskiest|dusky
ego-tripped|ego-trip
eidola|eidolon
empanelling|empanel
enwrapped|enwrap
fattiest|fatty
filariiae|filaria
finniest|finny
fleurs-de-lys|fleur-de-lys
flowers-de-luce|flower-de-luce
forespoken|forespeak
forgiven|forgive
frigged|frig
fuelling|fuel
ganning|gan
gelling|gel
gelt|geld
genii|genius
getting|get
glochidia|glochidium
guitarfishes|guitarfish
halloth|hallah
halter|halter
handselled|handsel
has_left|have_left
hemielytra|hemielytron
high-hatting|high-hat
his|his
homier|homey
humeri|humerus
hummed|hum
hymenoptera|hymenopteran
impelled|impel
jitterbugged|jitterbug
kept|keep
ladyfied|ladify
leer|leer
limina|limen
lionfishes|lionfish
liver|liver
logia|logion
lopped|lop
macaronies|macaroni
mafiosi|mafioso
manumitted|manumit
mazier|mazy
medullae_oblongatae|medulla_oblongata
menisci|meniscus
mezuzoth|mezuzah
milia|milium
mioses|miosis
mirkiest|mirky
moriscoes|morisco
napped|nap
nemeses|nemesis
nibbed|nib
nota|notum
notified|notify
oarfishes|oarfish
orthoptera|orthopteron
outwitting|outwit
ova|ovum
overcomer|overcomer
overflew|overfly
overlay|overlie
overmanning|overman
palsied|palsy
photocopied|photocopy
physicked|physic
piggiest|piggy
pilloried|pillory
planer|planer
pronephroi|pronephros
prosier|prosy
qaddishim|qaddish
quipped|quip
rivalling|rival
rubbed|rub
rutted|rut
salpinges|salpinx
sampler|sampler
sapping|sap
scriptoria|scriptorium
shadchanim|shadchan
shammosim|shammas
shellfishes|shellfish
shelves|shelf
shent|shend
shod|shoe
shovelled|shovel
shrugging|shrug
signified|signify
silvae|silva
sitting|sit
sketted|sket
snazzier|snazzy
snedding|sned
sootiest|sooty
spinier|spiny
spoke|speak
stadia|stadium
starest|starest
stodgiest|stodgy
stopping|stop
stormiest|stormy
stringiest|stringy
swollen|swell
swum|swim
teraphim|teraph
tomenta|tomentum
touracos|touraco
trapped|trap
travelling|travel
tried|try
trous-de-loup|trou-de-loup
tugged|tug
umbilici|umbilicus
underpinned|underpin
undid|undo
unslung|unsling
unsnapped|unsnap
upsprung|upspring
vatted|vat
vertebrae|vertebra
vesicae|vesica
whopping|whop
wilier|wily
zaniest|zany
abetted|abet
addenda|addendum
adyta|adytum
amebae|ameba
amoebiases|amoebiasis
anastomoses|anastomosis
archegonia|archegonium
aurorae|aurora
averred|aver
back-pedalled|back-pedal
bandied|bandy
bases-on-balls|base_on_balls
battier|batty
bayer|bayer
beater|beater
begetting|beget
blatting|blat
blew_one's_nose|blow_one's_nose
blipping|blip
bookshelves|bookshelf
bower|bower
box-kodaks|box_kodak
carburetted|carburet
carides|caryatid
cavatine|cavatina
chitarroni|chitarrone
ciscoes|cisco
clarified|clarify
clubbed|club
co-opted|coopt
collyria|collyrium
comae|coma
convolvuli|convolvulus
copped|cop
counterplotting|counterplot
curliest|curly
demulsified|demulsify
digging|dig
doughtier|doughty
dowdiest|dowdy
dowiest|dowie
drubbing|drub
dryest|dry
emitting|emit
enemata|enema
envied|envy
epiphenomena|epiphenomenon
epithelia|epithelium
fantasied|fantasy
fed|feed
first-stringer|first-stringer
floreant.|floreat
flubbing|flub
footslogged|footslog
foreran|forerun
fossae|fossa
frizzlier|frizzly
fuzzier|fuzzy
gomphoses|gomphosis
grassiest|grassy
grottoes|grotto
hamming|ham
hoariest|hoary
hopping|hop
hunger|hunger
inquisitors-general|inquisitor-general
insulae|insula
joy-ridden|joy-ride
jumped_off|jump_off
kindliest|kindly
kronur|krona
lagging|lag
lapidified|lapidify
leapfrogging|leapfrog
leonides|leonid
liveliest|lively
lives|life
longobardi|longobard
mapped|map
melanomata|melanoma
miri|mir
misdealt|misdeal
monoptera|monopteron
multiplexer|multiplexer
murkier|murky
muzziest|muzzy
myocardia|myocardium
nid-nodding|nid-nod
nutting|nut
omasa|omasum
operas_seria|opera_seria
outrunning|outrun
passers-by|passer-by
pawkier|pawky
pedaler|pedaler
penes|penis
penumbrae|penumbra
phalanges|phalange
phylae|phyle
pilea|pileum
pleura|pleuron
plummier|plummy
podding|pod
polyparia|polyparium
portlier|portly
potatoes|potato
potting|pot
prepaid|prepay
presignified|presignify
pugging|pug
pupae|pupa
pussier|pussy
ramified|ramify
rapping|rap
rent|rend
retried|retry
ridding|rid
rookier|rooky
salaried|salary
scaldfishes|scaldfish
scatting|scat
scragging|scrag
seedier|seedy
shaven|shave
signaler|signaler
signori|signior
slatiest|slaty
slimsiest|slimsy
slipped|slip
smelt|smell
snootier|snooty
sodded|sod
somata|soma
sown|sow
sparred|spar
sporozoa|sporozoan
squatted|squat
stood|stand
stunned|stun
subjectified|subjectify
tarsometatarsi|tarsometatarsus
tawdriest|tawdry
teetotaler|teetotaler
throatiest|throaty
trameling|trammel
trapanned|trapan
trashiest|trashy
trichinae|trichina
trihedra|trihedron
trogging|trog
trustiest|trusty
unfitted|unfit
unswore|unswear
upsetting|upset
upswollen|upswell
utriculi|utriculus
wagged|wag
wahhabis|wahabi
wariest|wary
whipsawn|whipsaw
woodier|woody
wore|wear
worst|bad
wryer|wry
yarer|yare
alewives|alewife
allows_for|allow_for
alulae|alula
amnestied|amnesty
analyses|analysis
annulling|annul
apophyses|apophysis
baggiest|baggy
ballyragged|ballyrag
bethought|bethink
blowfishes|blowfish
blown|blow
bluefishes|bluefish
briniest|briny
bugged|bug
bunchier|bunchy
busier|busy
bustier|busty
cavo-rilievi|cavo-rilievo
cellae|cella
charring|char
chillier|chilly
chippier|chippy
chivving|chiv
churchiest|churchy
ciceroni|cicerone
cladding|clad
complotting|complot
condottieri|condottiere
conquistadores|conquistador
cropping|crop
dabbed|dab
dialling|dial
dibbukkim|dibbuk
dinned|din
dipped|dip
drosophilae|drosophila
duelling|duel
dui|duo
esterified|esterify
fagged|fag
farther|far
fieldmice|fieldmouse
filmier|filmy
fleshlier|fleshly
forgave|forgive
fratchier|fratchy
frescoes|fresco
fulfilling|fulfil
funkier|funky
gamiest|gamy
gauziest|gauzy
gazeboes|gazebo
goes|go
grainiest|grainy
grottier|grotty
grovelled|grovel
guarantied|guaranty
guiltiest|guilty
hamuli|hamulus
hangers-on|hanger-on
happiest|happy
haziest|hazy
hieracosphinges|hieracosphinx
hocus-pocussing|hocus-pocus
hotter|hot
hypophyses|hypophysis
indemnified|indemnify
intagli|intaglio
interleaves|interleaf
involucella|involucellum
isthmi|isthmus
jammed|jam
kennelled|kennel
knobbing|knob
krooni|kroon
lander|lander
lapped|lap
learnt|learn
left-hander|left-hander
lentigines|lentigo
limier|limy
loftiest|lofty
lost|lose
luba|luba
lumpier|lumpy
magmata|magma
manifestoes|manifesto
meatiest|meaty
metastases|metastasis
militating_against|militate_against
minutiae|minutia
mispled|misplead
moodiest|moody
mothers_superior|mother_superior
mouthiest|mouthy
mudejares|mudejar
myomata|myoma
mythoi|mythos
nebulae|nebula
nidified|nidify
nilgai|nilgai
novenae|novena
offer|offer
outlaid|outlay
outridden|outride
paise|paisa
pappi|pappus
pepla|peplum
pettifogged|pettifog
picnicked|picnic
pieds-a-terre|pied-a-terre
pipefishes|pipefish
pitapatted|pitapat
plasmodia|plasmodium
plicae|plica
polyhedra|polyhedron
ptoses|ptosis
punned|pun
pupped|pup
quanta|quantum
rainier|rainy
recorder|recorder
regretted|regret
repelling|repel
reremice|rearmouse
retinae|retina
rhachises|rachis
rimmed|rim
ritziest|ritzy
roilier|roily
rostella|rostellum
rove|reeve
rumina|rumen
rung|ring
scaliest|scaly
scrapped|scrap
scried|scry
shakes_hands|shake_hands
shiest|shy
shinning|shin
shrivelled|shrivel
sicklier|sickly
sideslipped|sideslip
signorine|signorina
slapping|slap
sleepiest|sleepy
smote|smite
sons-in-law|son-in-law
spanning|span
spiralled|spiral
spudding|spud
squidding|squid
squizzes|squiz
steadiest|steady
swigged|swig
syntheses|synthesis
talkier|talky
telamones|telamon
testudines|testudo
thrummed|thrum
tiniest|tiny
togged|tog
toothier|toothy
trapezia|trapezium
triggerfishes|triggerfish
twiggier|twiggy
unbarring|unbar
unpegging|unpeg
vilified|vilify
vincula|vinculum
waddied|waddy
weeniest|weeny
whistle-stopped|whistle-stop
whizzes|whiz
wigging|wig
winier|winy
wonning|won
woolliest|woolly
worshipping|worship
yodelled|yodel
zoa|zoon
agones|agon
amplified|amplify
anamneses|anamnesis
asceses|ascesis
avitaminoses|avitaminosis
awoke|awake
ballistae|ballista
barklice|barklouse
basidia|basidium
begun|begin
behooves|behoof
bendier|bendy
bestrid|bestride
blastulae|blastula
bolivares|bolivar
bongoes|bongo
bonnier|bonny
brainiest|brainy
bureaux_de_change|bureau_de_change
canaliculi|canaliculus
candelabra|candelabrum
capped|cap
carpi|carpus
chevying|chivy
chillies|chilli
choragi|choragus
chugged|chug
claroes|claro
clerklier|clerkly
coalfishes|coalfish
coenuri|coenurus
cogged|cog
comeliest|comely
corbiculae|corbicula
cosier|cosy
cowfishes|cowfish
crankier|cranky
creamer|creamer
cried|cry
crispier|crispy
crumbier|crumby
dapping|dap
debussed|debus
demystified|demystify
dingiest|dingy
djinn|djinni
doughier|doughy
downiest|downy
draftier|drafty
dragging|drag
dying|die
eaten|eat
emporia|emporium
encephala|encephalon
endamoebae|endamoeba
englutting|englut
epigastria|epigastrium
episterna|episternum
feistier|feisty
fezzes|fez
figging|fig
filthier|filthy
fine-drawn|fine-draw
fine-drew|fine-draw
flagging|flag
flambeaux|flambeau
flatfishes|flatfish
flintier|flinty
foregone|forego
forspoke|forspeak
freakier|freaky
freest|free
frowziest|frowzy
fussier|fussy
gametoecia|gametoecium
gentlemen-at-arms|gentleman-at-arms
gestalten|gestalt
giddiest|giddy
gladder|glad
glassiest|glassy
goer|goer
gooier|gooey
goosefishes|goosefish
grabbed|grab
grubbiest|grubby
guilders|guilde
gushier|gushy
hadjes|hadj
hairiest|hairy
haleru|haler
hand-knitted|hand-knit
heaviest|heavy
heppest|hep
hyniums|hymenium
iconostases|iconostas
imbedding|imbed
initialled|initial
interred|inter
interwoven|interweave
jollier|jolly
jumpiest|jumpy
justified|justify
kalmucks|kalmuc
kenned|ken
kingfishes|kingfish
kipped|kip
kneecapping|kneecap
kookiest|kooky
larvae|larva
leariest|leary
lent|lend
linguae|lingua
lipping|lip
lobbied|lobby
lustiest|lusty
lymphopoieses|lymphopoiesis
mandingoes|mandingo
marshier|marshy
milieux|milieu
mopped|mop
mothers-in-law|mother-in-law
muskiest|musky
mycorrhizae|mycorrhiza
naoi|naos
nimbi|nimbus
noisier|noisy
oases|oasis
olea|oleum
outthought|outthink
overstepped|overstep
pallier|pally
part-timer|part-timer
pastiest|pasty
pearliest|pearly
pedalled|pedal
perihelia|perihelion
petting|pet
phlyctenae|phlyctaena
pinfishes|pinfish
pinnae|pinna
platting|plat
predelle|predella
punier|puny
pycnidia|pycnidium
qualia|quale
ranker|ranker
reis|real
residua|residuum
riskier|risky
roomier|roomy
rouleaux|rouleau
saltarelli|saltarello
saphenae|saphena
sawn|saw
scragglier|scraggly
screwiest|screwy
scrubbier|scrubby
scurried|scurry
shaggiest|shaggy
shaken_hands|shake_hands
shellacking|shellac
shyer|shy
signalled|signal
slammed|slam
slotted|slot
snappiest|snappy
snuffiest|snuffy
socmen|socman
soft-pedalling|soft-pedal
solatia|solatium
soldi|soldo
soli|solo
specula|speculum
spongier|spongy
stalkier|stalky
stapler|stapler
starchier|starchy
stellified|stellify
stocker|stocker
strati|stratus
stumpier|stumpy
stylopes|stylops
swagging|swag
swept|sweep
swotting|swot
symbolled|symbol
tannest|tan
thinking_the_world_of|think_the_world_of
tidied|tidy
typewrote|typewrite
unbound|unbind
unclogging|unclog
unlaid|unlay
unstuck|unstick
uteri|uterus
vagi|vagus
waxiest|waxy
wearier|weary
yourselves|yourself
varied|vary
vitriolling|vitriol
wanned|wan
warred|war
wedded|wed
wetted|wet
wigwagging|wigwag
acidified|acidify
aecidia|aecidium
airier|airy
allotting|allot
antitheses|antithesis
aquaria|aquarium
arcs-boutants|arc-boutant
ariette|arietta
armamentaria|armamentarium
artiest|arty
batted|bat
befogging|befog
bejewelling|bejewel
bestirred|bestir
blastemata|blastema
brutified|brutify
bullwhipped|bullwhip
bumpier|bumpy
bushelled|bushel
cannier|canny
casefied|casefy
cataclases|cataclasis
cavetti|cavetto
ceca|cecum
cheeriest|cheery
chestiest|chesty
chitchatting|chitchat
clitella|clitellum
concurring|concur
crabbing|crab
cruzadoes|cruzado
curetted|curet
dagged|dag
damselfishes|damselfish
dandified|dandify
decried|decry
degassed|degas
delphinia|delphinium
dewier|dewy
dicier|dicey
dilettanti|dilettante
disbudded|disbud
diverticula|diverticulum
dodoes|dodo
dwelt|dwell
eerier|eerie
elenchi|elenchus
enrolling|enrol
equalling|equal
estopped|estop
excelled|excel
extolling|extol
fabliaux|fabliau
faultier|faulty
feed|feed
fellaheen|fellah
femora|femur
fenestellae|fenestella
flagella|flagellum
flannelling|flannel
flossiest|flossy
fluffiest|fluffy
foggiest|foggy
formatted|format
fractocumuli|fractocumulus
furriest|furry
gambolling|gambol
gasified|gasify
glutei|gluteus
gritting|grit
grizzlier|grizzly
grumpiest|grumpy
gunning|gun
handfed|handfeed
haredim|haredi
heftiest|hefty
hili|hilus
hobbed|hob
houselling|housel
hugged|hug
huskiest|husky
hypochondria|hypochondrium
implied|imply
intercropping|intercrop
inwrapped|inwrap
jibbed|jib
kidnapped|kidnap
ko's|ko
lacier|lacy
lixivia|lixivium
lumina|lumen
maare|maar
marcelling|marcel
maremme|maremma
marvelled|marvel
medalled|medal
meeter|meeter
metatarsi|metatarsus
modest|modest
moduli|modulus
monopodia|monopodium
morphoses|morphosis
mothier|mothy
mugging|mug
mushiest|mushy
myelencephala|myelencephalon
negrilloes|negrillo
nucelli|nucellus
nullified|nullify
octopi|octopus
oogonia|oogonium
overblown|overblow
overborne|overbear
overcropping|overcrop
overslept|oversleep
oversold|oversell
paparazzi|paparazzo
perithecia|perithecium
pfennige|pfennig
plashier|plashy
popped|pop
primmer|prim
printer|printer
puffer|puffer
quezales|quezal
quinquennia|quinquennium
radulae|radula
rattiest|ratty
readier|ready
recapped|recap
retaken|retake
ripped|rip
sacraria|sacrarium
satisfied|satisfy
savvier|savvy
scanned|scan
scarified|scarify
scherzi|scherzo
sexier|sexy
shakoes|shako
shimming|shim
shotgunning|shotgun
shotting|shot
shuln|shul
skinniest|skinny
sleaziest|sleazy
snakiest|snaky
snubbing|snub
sonsiest|sonsy
splitting|split
spooniest|spoony
sporangia|sporangium
sprigging|sprig
stockfishes|stockfish
storied|story
strumming|strum
sympodia|sympodium
tackiest|tacky
taxying|taxi
termini|terminus
tesserae|tessera
tetrahedra|tetrahedron
theses|thesis
thieves|thief
thinner|thin
toniest|tony
transhipped|tranship
transmitting|transmit
underlay|underlie
underpaid|underpay
underpropped|underprop
unhealthiest|unhealthy
unpinning|unpin
unsteadied|unsteady
vaporetti|vaporetto
venae_cavae|vena_cava
vertigines|vertigo
vetted|vet
webbing|web
wept|weep
wintrier|wintry
withdrawn|withdraw
wriest|wry
yakking|yak
achaemenides|achaemenid
aciculae|acicula
allied|ally
ampullae|ampulla
appalled|appal
atria|atrium
beatified|beatify
became|become
beches-de-mer|beche-de-mer
befallen|befall
begat|beget
beginning|begin
begirt|begird
benefitting|benefit
bespoken|bespeak
blackfeet|blackfoot
blubbing|blub
blurring|blur
boleti|boletus
born|bear
bossier|bossy
botchiest|botchy
brimming|brim
busses|bus
calculi|calculus
capitula|capitulum
carinae|carina
centra|centrum
cephalothoraces|cephalothorax
challoth|hallah
chancier|chancy
chattiest|chatty
chipped|chip
chondrified|chondrify
choosiest|choosy
chubbiest|chubby
cicisbei|cicisbeo
cirri|cirrus
colloquia|colloquium
columbaria|columbarium
comfier|comfy
condylomata|condyloma
ctenidia|ctenidium
curiae|curia
cuticulae|cuticula
deadliest|deadly
deep-freezes|deepfreeze
dieses|diesis
disembodied|disembody
disenthralls|disenthral
dripping|drip
drowsier|drowsy
ecchymoses|ecchymosis
eisteddfodau|eisteddfod
emulsified|emulsify
endostea|endosteum
entia|ens
expelled|expel
fanning|fan
featherbedded|featherbed
flabbier|flabby
flauntiest|flaunty
fleecier|fleecy
flipping|flip
foreknew|foreknow
foresaw|foresee
forswore|forswear
foveolae|foveola
frontes|frons
frouziest|frouzy
gemmed|gem
glutaei|glutaeus
godliest|godly
gone|go
gradelier|gradely
grown|grow
hardest|hard
has_the_feeling|have_the_feeling
healthiest|healthy
held|hold
hobnobbed|hobnob
homelier|homely
horsewhipping|horsewhip
humbugging|humbug
hypnoses|hypnosis
interlapping|interlap
intermezzi|intermezzo
jackeroos|jackaroo
japanned|japan
jerkiest|jerky
jingoes|jingo
jog-trotted|jog-trot
jogging|jog
jutting|jut
knottiest|knotty
knurliest|knurly
lactobacilli|lactobacillus
leggier|leggy
lenes|lenis
libelled|libel
liriodendra|liriodendron
lobbing|lob
lotting|lot
lugging|lug
manteaux|manteau
meant|mean
mingier|mingy
minter|minter
miracidia|miracidium
misspelt|misspell
muddiest|muddy
mummified|mummify
mustier|musty
nabbing|nab
navajoes|navajo
nibelungen|nibelung
nippier|nippy
obeli|obelus
occurred|occur
oliver|oliver
overlapping|overlap
overlying|overlie
paris-mutuels|pari-mutuel
parulides|parulis
patrolled|patrol
pence|penny
phenomena|phenomenon
photomapped|photomap
pistolling|pistol
platier|platy
pluckier|plucky
popes|popes
praxes|praxis
pretermitted|pretermit
proboscides|proboscis
pronuclei|pronucleus
pubes|pubis
quitting|quit
quizzing|quiz
radices|radix
recurring|recur
reheard|rehear
resetting|reset
rhachides|rhachis
right-hander|right-hander
runners-up|runner-up
runnier|runny
salter|salter
sandbagging|sandbag
sassiest|sassy
schuln|schul
scotomata|scotoma
scudding|scud
secondi|secondo
shadchans|schatchen
shied|shy
shitted|shit
shunned|shun
silverfishes|silverfish
slaphappier|slaphappy
spadefishes|spadefish
spatted|spat
spookiest|spooky
spurred|spur
squashier|squashy
squibbed|squib
squiffiest|squiffy
stapedes|stapes
steadied|steady
stirred|stir
stolen|steal
street_children|street_child
stripiest|stripy
strutted|strut
syndesmoses|syndesmosis
tarantulae|tarantula
telia|telium
theatres-in-the-round|theatre-in-the-round
thrombi|thrombus
topoi|topos
topping|top
twigged|twig
underwrote|underwrite
unfriendlier|unfriendly
ungodlier|ungodly
unkennelled|unkennel
unstopping|unstop
venae|vena
viatica|viaticum
vittae|vitta
whirred|whir
xiphisterna|xiphisternum
yeastiest|yeasty
yclept|clepe
abaci|abacus
aboiteaux|aboiteau
admitted|admit
airdropped|airdrop
alkalies|alkali
appalling|appal
arcana|arcanum
are|be
attorneys-at-law|attorney-at-law
aurae|aura
aurei|aureus
axillae|axilla
bade|bid
bains_marie|bain_marie
bases|base
bidden|bid
bitten|bite
blew|blow
blobbed|blob
boniest|bony
bopped|bop
brawnier|brawny
bubbliest|bubbly
bulldogging|bulldog
bunde|bund
cacti|cactus
caducei|caduceus
cataloes|catalo
cheekier|cheeky
chewiest|chewy
chipping|chip
chivied|chivy
choriambi|choriambus
co-ordinates|coordinate
concertanti|concertante
cornier|corny
crummier|crummy
daffiest|daffy
denned|den
dizziest|dizzy
drank|drink
drier|dry
driven|drive
emboli|embolus
encephalitides|encephalitis
endamebae|endameba
epyllia|epyllion
expelling|expel
fatter|fat
featherbedding|featherbed
felos_de_se|felo_de_se
fibrillae|fibrilla
fila|filum
fishier|fishy
flashier|flashy
floatier|floaty
frostier|frosty
gammier|gammy
gassier|gassy
gemming|gem
gingivae|gingiva
girt|gird
glossier|glossy
goofiest|goofy
grimmest|grim
grooviest|groovy
had_a_feeling|have_a_feeling
hazzanim|hazzan
heraclidae|heraclid
hinder|hind
hobnobbing|hobnob
hogged|hog
housewives|housewife
humidified|humidify
humpier|humpy
ichthyosauri|ichthyosaurus
igorrorote|igorrote
insider|insider
installed|instal
intermarried|intermarry
japanning|japan
jellyfishes|jellyfish
jigged|jig
jobbed|job
jog-trotting|jog-trot
laziest|lazy
lecythi|lecythus
leprosaria|leprosarium
lepta|lepton
libelling|libel
lowlier|lowly
maddest|mad
magi|magus
maltier|malty
mangoes|mango
measlier|measly
megasporangia|megasporangium
men-o'-war|man-of-war
merrier|merry
midrashim|midrash
momi|momus
mosasauri|mosasaurus
myxomata|myxoma
nubeculae|nubecula
occurring|occur
overbuilt|overbuild
overrode|override
palled|pal
paralyses|paralysis
paraphyses|paraphysis
parashoth|parashah
patrolling|patrol
photomapping|photomap
plena|plenum
plumier|plumy
pretermitting|pretermit
pricier|pricy
programmed|program
propped|prop
prostomia|prostomium
putti|putto
quantified|quantify
ragged|rag
randiest|randy
ratified|ratify
reclassified|reclassify
redder|red
rewrote|rewrite
rhyta|rhyton
rimae|rima
roaster|roaster
scrubbed|scrub
shabbier|shabby
shitting|shit
shrunken|shrink
shunning|shun
sledding|sled
sliest|sly
smugger|smug
spadices|spadix
spatting|spat
spelt|spell
sportier|sporty
spurring|spur
squibbing|squib
stealthiest|stealthy
stirring|stir
strutting|strut
subgenera|subgenus
succedanea|succedaneum
superstrata|superstratum
surlier|surly
syllepses|syllepsis
tenderfeet|tenderfoot
thrown|throw
tipsier|tipsy
tomatoes|tomato
tramelled|trammel
transferred|transfer
trickiest|tricky
trimmed|trim
tunned|tun
tupped|tup
twigging|twig
unified|unify
unkennelling|unkennel
unrulier|unruly
uprisen|uprise
velaria|velarium
vest|vest
wharves|wharf
whirring|whir
yogin|yogi
zeroes|zero
achaemenidae|achaemenid
admitting|admit
airdropping|airdrop
apices|apex
applied|apply
arterioscleroses|arteriosclerosis
aruspices|aruspex
auspices|auspex
autochthones|autochthon
babied|baby
barmiest|barmy
blobbing|blob
blowing_one's_nose|blow_one's_nose
bonier|bony
bopping|bop
bordereaux|bordereau
broken|break
brooder|brooder
bubblier|bubbly
catalyses|catalysis
caudices|caudex
certified|certify
cherubim|cherub
chewier|chewy
chopped|chop
cockiest|cocky
codified|codify
coziest|cozy
crissa|crissum
crossbred|crossbreed
cupped|cup
curst|curse
cycloses|cyclosis
daffier|daffy
denning|den
deterred|deter
dignified|dignify
dizzier|dizzy
dought|dow
dunnest|dun
duona|duodenum
epithalamia|epithalamion
equilibria|equilibrium
exegeses|exegesis
faculae|facula
fatsoes|fatso
fell|fall
florae|flora
forbade|forbid
foreknown|foreknow
frolicked|frolic
gemeinschaften|gemeinschaft
gipped|gip
goatfishes|goatfish
goofier|goofy
grimmer|grim
groovier|groovy
gymnasia|gymnasium
haematozoa|haematozoon
header|header
hematomata|hematoma
hiccupped|hiccup
hogging|hog
homiest|homey
honoraria|honorarium
identified|identify
insetting|inset
installing|instal
intromitted|intromit
ischia|ischium
jigging|jig
jobbing|job
joining_forces|join_forces
knapped|knap
labella|labellum
lacunae|lacuna
lazier|lazy
led|lead
left_undone|leave_undone
letting|let
librae|libra
lyttae|lytta
madder|mad
made|make
matter|matter
maziest|mazy
menstrua|menstruum
mesothoraces|mesothorax
monkfishes|monkfish
moslim|moslem
naevi|naevus
nulliparae|nullipara
obligati|obligato
oboli|obolus
ocreae|ochrea
outran|outrun
palestrae|palestra
palling|pal
pennae|penna
perinephria|perinephrium
played_a_part|play_a_part
player|player
postliminia|postliminium
preferred|prefer
programming|program
propelled|propel
propping|prop
proptoses|proptosis
propylaea|propylaeum
prosiest|prosy
pummelled|pummel
radii|radius
ragging|rag
randier|randy
re-trod|re-tread
recti|rectus
redone|redo
refitted|refit
repotted|repot
rusher|rusher
sartorii|sartorius
scherzandi|scherzando
scrubbing|scrub
seed|seed
senti|sent
sequelae|sequela
serer|serer
sgraffiti|sgraffito
shammed|sham
shown|show
skivvied|skivvy
slier|sly
slung|sling
snazziest|snazzy
snipefishes|snipefish
snipped|snip
spagged|spag
spiniest|spiny
spotted|spot
sprang|spring
stealthier|stealthy
sterna|sternum
stomodaea|stomodaeum
stretti|stretto
stummed|stum
submitted|submit
tramelling|trammel
transferring|transfer
trickier|tricky
trimming|trim
tunning|tun
tupping|tup
underbought|underbuy
undertook|undertake
unfrozen|unfreeze
unplugged|unplug
unrigged|unrig
unspoke|unspeak
uphove|upheave
uredines|uredo
versified|versify
vitelli|vitellus
wadded|wad
wiliest|wily
wried|wry
zecchini|zecchino
abought|aby
abscissae|abscissa
allowed_for|allow_for
androecia|androecium
anthelia|anthelion
apomixes|apomixis
argali|argali
balkier|balky
bambini|bambino
bani|ban
bayonetting|bayonet
benefitted|benefit
bestridden|bestride
bevelling|bevel
bigger|big
biter|biter
bloodier|bloody
blubbed|blub
blurred|blur
bound|bind
breezier|breezy
brimmed|brim
broadcaster|broadcaster
calcanei|calcaneum
candied|candy
carcinomata|carcinoma
cargoes|cargo
cattier|catty
catting|cat
clopping|clop
cloudiest|cloudy
corpora_lutea|corpus_luteum
corybantes|corybant
court-martialling|court-martial
coxae|coxa
creepiest|creepy
cysticerci|cysticercus
data|datum
debugging|debug
diarthroses|diarthrosis
dissatisfied|dissatisfy
dodgier|dodgy
dove|dive
dresser|dresser
dripped|drip
drippiest|drippy
endozoa|endozoan
fanned|fan
faunae|fauna
fermate|fermata
festschriften|festschrift
flipped|flip
foolhardiest|foolhardy
forewent|forego
fractostrati|fractostratus
gemmae|gemma
glummest|glum
greediest|greedy
grinning|grin
gript|grip
handiest|handy
herniae|hernia
horniest|horny
horsewhipped|horsewhip
humbugged|humbug
hydrozoa|hydrozoan
iambi|iamb
interlapped|interlap
is|be
jogged|jog
juiciest|juicy
jura|jus
jutted|jut
kidding|kid
knights_templar|knight_templar
kylikes|kylix
lati|lat
listente|sente
lobbed|lob
lomenta|lomentum
lordliest|lordly
lotted|lot
luckiest|lucky
lugged|lug
maloti|loti
men|man
milker|milker
miser|miser
mooniest|moony
morae|mora
morceaux|morceau
morphallaxes|morphallaxis
nabbed|nab
nattiest|natty
nerviest|nervy
nevi|nevus
nomina|nomen
nonplusses|nonplus
objets_d'art|objet_d'art
outgeneralling|outgeneral
overlapped|overlap
overpaid|overpay
overspilt|overspill
parabases|parabasis
parasyntheta|parasyntheton
partook|partake
patinae|patina
penicillia|penicillium
peridia|peridium
phoniest|phony
pirogi|pirog
pistolled|pistol
pneumobacilli|pneumobacillus
polyzoa|polyzoan
pontifices|pontifex
praenomina|praenomen
presenter|presenter
prettified|prettify
privateer|privateer
priviest|privy
prothallia|prothallium
pyxides|pyxis
quitted|quit
quizzed|quiz
rappelling|rappel
recurred|recur
reedier|reedy
retold|retell
rimier|rimy
ropiest|ropy
rowdier|rowdy
saccharified|saccharify
sandbagged|sandbag
scapulae|scapula
scudded|scud
scyphozoa|scyphozoan
shinier|shiny
shirtier|shirty
sipping|sip
skimpier|skimpy
slagging|slag
sniffier|sniffy
solfeggi|solfeggio
stingiest|stingy
streamier|streamy
stroppier|stroppy
stropping|strop
subbing|sub
subtotalling|subtotal
sulci|sulcus
sunnier|sunny
sunning|sun
tali|talus
tardiest|tardy
tasselling|tassel
taxies|taxi
techier|techy
thalamencephala|thalamencephalon
tidiest|tidy
topped|top
trymata|tryma
twitting|twit
ungainlier|ungainly
unhappier|unhappy
unstopped|unstop
untidier|untidy
uppercutting|uppercut
vertigoes|vertigo
viewiest|viewy
villi|villus
wannest|wan
waster|waster
weediest|weedy
weensier|weensy
weightier|weighty
wettest|wet
whamming|wham
winning|win
wonkiest|wonky
wunderkinder|wunderkind
youngest|young
aerified|aerify
agouties|agouti
anatyxes|anaptyxis
animalcula|animalculum
annulled|annul
ashkenazim|ashkenazi
aspersoria|aspersorium
asyndeta|asyndeton
balmiest|balmy
barring|bar
bases_on_balls|base_on_balls
baulkier|baulky
beadsmen|beadsman
beeriest|beery
bespoke|bespeak
bijoux|bijou
binning|bin
bird-dogging|bird-dog
bittier|bitty
blowziest|blowzy
booby-trapping|booby-trap
bouncier|bouncy
bragging|brag
bravadoes|bravado
breathiest|breathy
bushiest|bushy
caddies|caddie
cantiest|canty
carpogonia|carpogonium
caryopses|caryopsis
catnapping|catnap
cavefishes|cavefish
centesimi|centesimo
chadarim|cheder
chalazae|chalaza
channelling|channel
charred|char
cheesiest|cheesy
chiasmata|chiasma
chivved|chiv
cicale|cicala
cimices|cimex
clubbiest|clubby
cocci|coccus
cognomina|cognomen
colliest|colly
complotted|complot
confabbing|confab
congii|congius
corralling|corral
costae|costa
counterfeiter|counterfeiter
cropped|crop
dandier|dandy
demurring|demur
denitrified|denitrify
dialled|dial
dimmest|dim
divvied|divvy
dogmata|dogma
downer|downer
drabbest|drab
draughtier|draughty
duelled|duel
echidnae|echidna
edgiest|edgy
emptiest|empty
faciae|facia
fanciest|fancy
fibromata|fibroma
ficoes|fico
first-rater|first-rater
fittest|fit
flattest|flat
flimsier|flimsy
flip-flopping|flip-flop
foamier|foamy
fogging|fog
fordone|fordo
foretold|foretell
foxier|foxy
fructified|fructify
fruitiest|fruity
fulfilled|fulfil
funnier|funny
furring|fur
gambadoes|gambado
gaudier|gaudy
gnoses|gnosis
ground|grind
gutsier|gutsy
hajjes|hajj
halluces|hallux
hemelytra|hemelytron
hemoptyses|hemoptysis
hens-and-chickens|hen-and-chickens
hocus-pocussed|hocus-pocus
hungriest|hungry
jauntiest|jaunty
jewelling|jewel
jointer|jointer
knobbed|knob
lays_for|lie_for
lemmata|lemma
lice|louse
loather|loather
lousier|lousy
maestri|maestro
maungiest|maungy
maxima|maximum
metalling|metal
mistier|misty
molten|melt
myrmidones|myrmidon
octahedra|octahedron
outgrown|outgrow
overgrew|overgrow
oversaw|oversee
oversewn|oversew
overwrote|overwrite
paster|paster
patagia|patagium
pearler|pearler
permitting|permit
peskier|pesky
pilei|pileus
pokiest|poky
porkiest|porky
primi|primo
pudgiest|pudgy
punchinelloes|punchinello
queasier|queasy
queenliest|queenly
rangiest|rangy
raphae|raphe
ratting|rat
red-pencilling|red-pencil
repelled|repel
retiarii|retiarius
salespeople|salesperson
sandiest|sandy
scabbier|scabby
scarier|scary
scholia|scholium
scrumming|scrum
septa|septum
shinned|shin
shook_hands|shake_hands
shriven|shrive
skinning|skin
skipping|skip
slapped|slap
slew|slay
slippiest|slippy
snuffer|snuffer
southerner|southerner
spanned|span
spermatogonia|spermatogonium
splayfeet|splayfoot
springier|springy
spudded|spud
spumoni|spumone
squattiest|squatty
squidded|squid
stied|sty
stole|steal
stotinki|stotinka
streakiest|streaky
suckerfishes|suckerfish
sultriest|sultry
swellfishes|swellfish
symphyses|symphysis
tagging|tag
taken_steps|take_steps
tallied|tally
tarried|tarry
telae|tela
tholoi|tholos
titmice|titmouse
took|take
transfixt|transfix
travestied|travesty
tropaeola|tropaeolum
tweedier|tweedy
ulnae|ulna
ultimata|ultimatum
unbarred|unbar
unci|uncus
unholiest|unholy
vibracula|vibraculum
volvae|volva
wackiest|wacky
weepier|weepy
whitefishes|whitefish
wigged|wig
wiriest|wiry
woodsiest|woodsy
zippier|zippy
underlying|underlie
unpegged|unpeg
wonned|won
worshipped|worship
wound|wind
woven|weave
zapping|zap
abetting|abet
adieux|adieu
allodia|allodium
anagnorises|anagnorisis
anthodia|anthodium
automata|automaton
averring|aver
back-pedalling|back-pedal
been|be
booklice|booklouse
botchier|botchy
came|come
camper|camper
carburetting|carburet
catfishes|catfish
chattier|chatty
chid|chide
choosier|choosy
chubbier|chubby
cicatrices|cicatrix
clubbing|club
co-opting|coopt
copping|cop
coria|corium
costliest|costly
crustiest|crusty
dapped|dap
deadlier|deadly
dialyses|dialysis
diaphyses|diaphysis
dragged|drag
dreggiest|dreggy
drew|draw
dupondii|dupondius
encephalomata|encephaloma
encomia|encomium
englutted|englut
espied|espy
faeroese|faeroese
feriae|feria
figged|fig
flagged|flag
flauntier|flaunty
flew|fly
footslogging|footslog
frizziest|frizzy
frouzier|frouzy
furcula|furculum
gainsaid|gainsay
ghastliest|ghastly
godlier|godly
gonia|gonion
gummata|gumma
hagfishes|hagfish
harder|hard
hassidim|hassid
haughtiest|haughty
healthier|healthy
herbaria|herbarium
hippiest|hippy
holiest|holy
hypotheses|hypothesis
imbedded|imbed
inbred|inbreed
inwoven|inweave
irides|iris
jaggiest|jaggy
jerkier|jerky
jumping_off|jump_off
kinkiest|kinky
kneecapped|kneecap
knottier|knotty
knurlier|knurly
lathiest|lathy
lei|leu
lipped|lip
lire|lira
mapping|map
mealiest|mealy
messeigneurs|monseigneur
muddier|muddy
mulattoes|mulatto
naumachiae|naumachia
nauplii|nauplius
niftiest|nifty
nimbostrati|nimbostratus
ossa|os
outgasses|outgas
overdrawn|overdraw
paid|pay
paltriest|paltry
pappiest|pappy
parhelia|parhelion
petted|pet
pigfishes|pigfish
platted|plat
polisher|polisher
preachiest|preachy
premaxillae|premaxilla
prissiest|prissy
protonemata|protonema
pulpiest|pulpy
qualified|qualify
reguli|regulus
rhizobia|rhizobium
salpae|salpa
sassanidae|sassanid
sassier|sassy
schmoes|schmo
scraper|scraper
scruffiest|scruffy
shapeliest|shapely
shellacked|shellac
shimmied|shimmy
shutting|shut
sightsaw|sightsee
sisters-in-law|sister-in-law
slipping|slip
snatchiest|snatchy
snuggest|snug
soapiest|soapy
sodding|sod
soft-pedalled|soft-pedal
sparring|spar
spat|spit
spermogonia|spermogonium
spilt|spill
spinning|spin
spookier|spooky
squatting|squat
squiffier|squiffy
stateliest|stately
stratocumuli|stratocumulus
stretcher|stretcher
stripier|stripy
stunning|stun
submariner|submariner
substrasta|substratum
swagged|swag
swotted|swot
tallithes|tallith
testae|testa
thriftiest|thrifty
tilefishes|tilefish
toadfishes|toadfish
tondi|tondo
trapanning|trapan
unclogged|unclog
unfitting|unfit
unmade|unmake
unsworn|unswear
unwound|unwind
valleculae|vallecula
viragoes|virago
vitriolled|vitriol
wagging|wag
whippers-in|whipper-in
wieldiest|wieldy
wigwagged|wigwag
woke|wake
wormiest|wormy
worn|wear
yeastier|yeasty
airiest|airy
ballyragging|ballyrag
banditti|bandit
bastinadoes|bastinado
bayonetted|bayonet
begot|beget
bevelled|bevel
bugging|bug
bullied|bully
bumpiest|bumpy
caesurae|caesura
calces|calx
canniest|canny
canulae|canula
carbonadoes|carbonado
castrati|castrato
catted|cat
choux|chou
clopped|clop
costlier|costly
court-martialled|court-martial
cruces|crux
crura|crus
crusadoes|crusado
crustier|crusty
dabbing|dab
dealer|dealer
debugged|debug
dewiest|dewy
diastemata|diastema
diazoes|diazo
diciest|dicey
did|do
dimer|dimer
dinning|din
dipping|dip
dreggier|dreggy
eeriest|eerie
elytra|elytron
entases|entasis
epiglottides|epiglottis
fagging|fag
fasciculi|fasciculus
faultiest|faulty
fenestrae|fenestra
fimbriae|fimbria
fore-and-after|fore-and-after
frauen|frau
frizzier|frizzy
fuci|fucus
ghastlier|ghastly
got_lost|get_lost
grandchildren|grandchild
grinned|grin
grizzliest|grizzly
grovelling|grovel
gyri|gyrus
halfways|halfway
haughtier|haughty
hippier|hippy
holier|holy
hypostases|hypostasis
impies|impi
infundibula|infundibulum
interregna|interregnum
jaggier|jaggy
jamming|jam
judge_advocates_general|judge_advocate_general
kennelling|kennel
kidded|kid
kinkier|kinky
knights_templars|knight_templar
laciest|lacy
lapping|lap
lathier|lathy
left|leave
lieder|lied
lustra|lustre
mealier|mealy
metatheses|metathesis
ministeria|ministerium
mislaid|mislay
moments_of_truth|moment_of_truth
mothiest|mothy
mottoes|motto
multiplied|multiply
naiades|naiad
natatoria|natatorium
needlefishes|needlefish
niftier|nifty
novae|nova
ochreae|ochrea
odea|odeum
outbred|outbreed
outgeneralled|outgeneral
overwritten|overwrite
paltrier|paltry
pandied|pandy
pappier|pappy
pelves|pelvis
pettifogging|pettifog
phi-phenomena|phi-phenomenon
picnicking|picnic
pitapatting|pitapat
plashiest|plashy
ploughmen|ploughman
pollices|pollex
preachier|preachy
prenomina|prenomen
prese|presa
primmest|prim
prissier|prissy
prompter|prompter
pulpier|pulpy
punning|pun
pupping|pup
ran|run
rappelled|rappel
readiest|ready
recopied|recopy
rectified|rectify
regretting|regret
rimming|rim
rosefishes|rosefish
savviest|savvy
scrapping|scrap
scruffier|scruffy
second-rater|second-rater
sexiest|sexy
shapelier|shapely
sheaves|sheaf
shrivelling|shrivel
sideslipping|sideslip
singing|sing
sipped|sip
slagged|slag
slunk|slink
snatchier|snatchy
snugger|snug
soapier|soapy
sola|solum
spin-dried|spin-dry
spiralling|spiral
spotlit|spotlight
sprung|spring
sputa|sputum
squilgee|squeegee
squirrelfishes|squirrelfish
statelier|stately
stomata|stoma
strata|stratum
stridden|stride
stropped|strop
strown|strow
stupefied|stupefy
subbed|sub
subtotalled|subtotal
sunned|sun
swigging|swig
tammied|tammy
tasselled|tassel
terzetti|terzetto
thinnest|thin
thriftier|thrifty
thrumming|thrum
tintinnabula|tintinnabulum
togging|tog
told|tell
trod|tread
tubae|tuba
tumefied|tumefy
twitted|twit
tyros|tiro
underfed|underfeed
understood|understand
unspoken|unspeak
ventriculi|ventriculus
vexilla|vexillum
whammed|wham
whistle-stopping|whistle-stop
wieldier|wieldy
wintriest|wintry
wormier|wormy
wrote|write
yodelling|yodel
alodia|alodium
anabases|anabasis
apothecia|apothecium
atrophied|atrophy
auditoria|auditorium
banned|ban
baulkiest|baulky
bisectrices|bisectrix
bitted|bit
bittiest|bitty
blabbed|blab
blackberried|blackberry
bogging_down|bog_down
bogs-down|bog-down
boner|boner
botargoes|botargo
bother|bother
bounciest|bouncy
brainier|brainy
caballed|cabal
chapatties|chapatti
chasidim|chasid
chevaux-de-frise|cheval-de-frise
chiasmi|chiasmus
chopping|chop
cleft|cleave
colossi|colossus
comelier|comely
copied|copy
cornua|cornu
corpora|corpus
cothurni|cothurnus
couteaux|couteau
cramboes|crambo
cupping|cup
custodes|custos
cutes|cutis
cyclopes|cyclops
dandiest|dandy
dealfishes|dealfish
deterring|deter
diereses|dieresis
diluvia|diluvium
dingier|dingy
dogteeth|dogtooth
downier|downy
draughtiest|draughty
dug|dig
eddoes|eddo
eluvia|eluvium
endometria|endometrium
entrammelled|entrammel
ephemerae|ephemera
epicalyces|epicalyx
famuli|famulus
filefishes|filefish
flimsiest|flimsy
flogged|flog
foamiest|foamy
foxiest|foxy
freer|free
frolicking|frolic
frowzier|frowzy
funned|fun
funniest|funny
gastrulae|gastrula
gaudiest|gaudy
genera|genus
giddier|giddy
gipping|gip
glassier|glassy
glissandi|glissando
goldfishes|goldfish
gonococci|gonococcus
graffiti|graffito
grubbier|grubby
gutsiest|gutsy
hadarim|heder
haggadas|haggada
hairier|hairy
halteres|halter
heavier|heavy
heirs-at-law|heir-at-law
hepper|hep
hiccupping|hiccup
hila|hilum
hippopotami|hippopotamus
hogfishes|hogfish
horrified|horrify
hove|heave
hung|hang
interreges|interrex
intromitting|intromit
inwove|inweave
jabbed|jab
jarred|jar
jumpier|jumpy
knapping|knap
kookier|kooky
leant|lean
learier|leary
lemnisci|lemniscus
lousiest|lousy
lustier|lusty
mallei|malleus
mantes|mantis
masses|mass
mistiest|misty
morescoes|moresco
muskier|musky
netted|net
neuroses|neurosis
nuclei|nucleus
ora|os
outfitted|outfit
overridden|override
overthrew|overthrow
palingeneses|palingenesis
pastier|pasty
pearlier|pearly
pegged|peg
pentahedra|pentahedron
peskiest|pesky
phyla|phylum
phylogeneses|phylogenesis
piscinae|piscina
pollinia|pollinium
portmanteaux|portmanteau
preferring|prefer
prognoses|prognosis
propelling|propel
prostheses|prosthesis
pummelling|pummel
putrefied|putrefy
quarterstaves|quarterstaff
queasiest|queasy
ramenta|ramentum
raphides|raphide
re-trodden|re-tread
rearmice|rearmouse
refitting|refit
repotting|repot
resewn|resew
ribbed|rib
ricercacari|ricercare
robes-de-chambre|robe-de-chambre
scabbiest|scabby
scariest|scary
scarred|scar
schemata|schema
screwier|screwy
segni|segno
seleucidae|seleucid
shaggier|shaggy
shaking_hands|shake_hands
shamming|sham
skidded|skid
snappier|snappy
snipping|snip
snuffier|snuffy
spagging|spag
spectra|spectrum
spotting|spot
springiest|springy
strappadoes|strappado
struck|strike
studied|study
stumming|stum
stymying|stymie
submitting|submit
succubi|succubus
summae|summa
supernovae|supernova
synapses|synapsis
tanner|tan
third-rater|third-rater
towelled|towel
trunkfishes|trunkfish
tweediest|tweedy
unplugging|unplug
unrigging|unrig
uredosori|uredosorus
verbified|verbify
verified|verify
wadding|wad
waxier|waxy
weepiest|weepy
window-shopped|window-shop
winterfed|winterfeed
wolves|wolf
wreckfishes|wreckfish
zigzagged|zigzag
zipped|zip
zippiest|zippy
zoeae|zoea
acer|acer
aerobia|aerobium
antae|anta
anthemia|anthemion
aquae|aqua
aristae|arista
beastlier|beastly
became_known|become_known
bedding|bed
bed|bed
belly-flopped|belly-flop
betting|bet
bootlegging|bootleg
boskier|bosky
bullae|bulla
bunchiest|bunchy
busiest|busy
bustiest|busty
caeca|caecum
chassidim|chassid
chatted|chat
chelicerae|chelicera
chevies|chivy
chilliest|chilly
chippiest|chippy
chiselled|chisel
clogged|clog
compelled|compel
conferring|confer
conjunctivae|conjunctiva
countersank|countersink
cuter|cute
damming|dam
definienda|definiendum
dirtier|dirty
disenthralled|disenthral
disenthrals|disenthrall
dottier|dotty
dotting|dot
dozier|dozy
easied|easy
ego-tripping|ego-trip
ellipses|ellipsis
enneahedra|enneahedron
enwrapping|enwrap
figs.|fig.
filmiest|filmy
fleshliest|fleshly
flocculi|flocculus
fratchiest|fratchy
frigging|frig
friskier|frisky
funkiest|funky
gets_started|get_started
ghostlier|ghostly
giftwrapped|giftwrap
goner|goner
grottiest|grotty
gynaecea|gynaeceum
haftaroth|haftarah
hamstrung|hamstring
handselling|handsel
hectocotyli|hectocotylus
hottest|hot
humming|hum
ibices|ibex
imagoes|imago
impelling|impel
indusia|indusium
interpled|interplead
jemmied|jemmy
jitterbugging|jitterbug
knotted|knot
kronen|krone
lamellae|lamella
lapilli|lapillus
ligulae|ligula
limiest|limy
lopping|lop
loricae|lorica
lumpiest|lumpy
major_axes|major_axis
mangier|mangy
manumitting|manumit
marred|mar
mausolea|mausoleum
megara|megaron
metrified|metrify
miasmata|miasma
minified|minify
momenta|momentum
mudded|mud
nappier|nappy
napping|nap
neuroptera|neuropteron
nibbing|nib
nittier|nitty
noctilucae|noctiluca
noes|no
non-prosses|non-pros
opercula|operculum
outsider|outsider
overdid|overdo
owner|owner
oxymora|oxymoron
panelled|panel
pastorali|pastorale
peachier|peachy
physicking|physic
pickier|picky
placentae|placenta
pommelled|pommel
prettier|pretty
priestlier|priestly
primer|primer
quipping|quip
rainiest|rainy
raunchier|raunchy
rebuilt|rebuild
rockfishes|rockfish
rockier|rocky
roiliest|roily
rose|rise
rubbing|rub
ruddier|ruddy
ruttier|rutty
rutting|rut
sadder|sad
salified|salify
santimi|santims
seen|see
seraphim|seraph
shovelling|shovel
showier|showy
sickliest|sickly
signore|signora
silicified|silicify
sketting|sket
slimmer|slim
sprightlier|sprightly
staminodia|staminodium
stetted|stet
stimuli|stimulus
subindices|subindex
sulkier|sulky
sulphuretted|sulphuret
swordfishes|swordfish
synarthroses|synarthrosis
syphilomata|syphiloma
taken|take
talkiest|talky
tarsi|tarsus
toothiest|toothy
tranship|transship
trapping|trap
trivia|trivium
tugging|tug
twiggiest|twiggy
uglified|uglify
underpinning|underpin
unsnapping|unsnap
vatting|vat
verrucae|verruca
wealthier|wealthy
weatherstripped|weatherstrip
whetted|whet
winiest|winy
winterier|wintery
withheld|withhold
wrung|wring
zoaeae|zoaea
about-shipping|about-ship
acetabula|acetabulum
after|after
alluvia|alluvium
am|be
anlagen|anlage
antefixa|antefix
anthozoa|anthozoan
balmier|balmy
bedevilled|bedevil
beerier|beery
beheld|behold
blows_one's_nose|blow_one's_nose
blowzier|blowzy
bore|bear
brachia|brachium
brants|brant
breathier|breathy
brevetting|brevet
buboes|bubo
bureaux|bureau
bushier|bushy
cantier|canty
catchiest|catchy
chapaties|chapati
chapping|chap
cheesier|cheesy
chosen|choose
clept|clepe
clubbier|clubby
coelentera|coelenteron
collier|colly
comics|comic_strip
contagia|contagium
cubicula|cubiculum
culpae|culpa
cupelled|cupel
curried|curry
definientia|definiens
diaerses|diaeresis
differentiae|differentia
dimmer|dim
disannulling|disannul
discoboli|discobolos
dispelled|dispel
distilled|distil
drabber|drab
drove|drive
dubbed|dub
edgier|edgy
emptier|empty
endocardia|endocardium
endocrania|endocranium
eryngoes|eryngo
executrices|executrix
fancier|fancy
fibulae|fibula
fishes|fish
fitter|fit
flatter|flat
floppiest|floppy
folksiest|folksy
forsworn|forswear
fricandoes|fricando
fritted|frit
fruitier|fruity
fumatoria|fumatorium
further|far
gasses|gas
gentes|gens
genus|genus
ghostwritten|ghostwrite
glibbest|glib
grants-in-aid|grant-in-aid
gravamina|gravamen
groszy|grosz
haemolyses|haemolysis
haustoria|haustorium
heraklidae|heraklid
hewn|hew
hibernacula|hibernaculum
hungrier|hungry
interest|interest
jagged|jag
jauntier|jaunty
kohlrabies|kohlrabi
labelling|label
leakiest|leaky
leva|lev
limuli|limulus
machzorim|machzor
marshalling|marshal
maungier|maungy
metanephroi|metanephros
mice|mouse
microanalyses|microanalysis
milcher|milcher
monochasia|monochasium
multiparae|multipara
muster|muster
neuromata|neuroma
numina|numen
ossified|ossify
outdrew|outdraw
outgassing|outgas
outputted|output
outspanning|outspan
overpast|overpass
ovotestes|ovotestis
palpi|palpus
panned|pan
papillae|papilla
partaken|partake
pease|pea
pencilled|pencil
peppiest|peppy
peter|peter
plateaux|plateau
pokier|poky
porkier|porky
preachified|preachify
primigravidae|primigravida
prodded|prod
prologed|prologue
prytanea|prytaneum
pudgier|pudgy
puffiest|puffy
pyxidia|pyxidium
quaggiest|quaggy
queenlier|queenly
rabbitfishes|rabbitfish
rangier|rangy
redid|redo
retook|retake
retransmitted|retransmit
rhinencephala|rhinencephalon
rigged|rig
robbed|rob
rough-hewn|rough-hew
sallied|sally
sandier|sandy
scagged|scag
scrota|scrotum
scummed|scum
scuta|scutum
sestertia|sestertium
shakiest|shaky
sharecropped|sharecrop
sicking|sic
sidestepped|sidestep
sincipita|sinciput
slippier|slippy
slogging|slog
snugging|snug
sobbing|sob
sold|sell
soles|sol
solidi|solidus
sought|seek
specified|specify
sped|speed
spikiest|spiky
spirilla|spirillum
spitting|spit
spoken|speak
squattier|squatty
stabbing|stab
starfishes|starfish
starring|star
stepping|step
stoae|stoa
streakier|streaky
studding|stud
subdeliria|subdelirium
sultrier|sultry
swops|swap
synopses|synopsis
tattiest|tatty
teaselling|teasel
terrified|terrify
thudded|thud
tinniest|tinny
touchiest|touchy
trafficking|traffic
trammed|tram
transmogrified|transmogrify
turfiest|turfy
tut-tutted|tut-tut
uncapped|uncap
unholier|unholy
unshipped|unship
unstrung|unstring
unzipping|unzip
urethrae|urethra
volcanoes|volcano
wackier|wacky
wirier|wiry
wolffishes|wolffish
woodsier|woodsy
yenning|yen
allotted|allot
altocumuli|altocumulus
amici_curiae|amicus_curiae
amphorae|amphora
andtheridia|antheridium
apparatus|apparatus
beaux|beau
befogged|befog
bejewelled|bejewel
bitchiest|bitchy
blackfishes|blackfish
bobbing|bob
bodied|body
bogged_down|bog_down
bred|breed
buggier|buggy
burlier|burly
calicoes|calico
cathexes|cathexis
chitchatted|chitchat
chummiest|chummy
coleorhizae|coleorhiza
columellae|columella
committing|commit
concurred|concur
controlling|control
crabbed|crab
crises|crisis
criteria|criterion
curvetting|curvet
dermatoses|dermatosis
detoxified|detoxify
dippier|dippy
dreamt|dream
drugging|drug
dummied|dummy
duumviri|duumvir
echoes|echo
ectozoa|ectozoan
embedding|embed
embusses|embus
enrolled|enrol
ephori|ephor
equalled|equal
extolled|extol
felones_de_se|felo_de_se
fiddlier|fiddly
fistulae|fistula
flamingoes|flamingo
flamming|flam
flannelled|flannel
flasher|flasher
floodlit|floodlight
flurried|flurry
flyleaves|flyleaf
foramina|foramen
formulae|formula
fortes|fortis
frapping|frap
frogging|frog
frowsier|frowsy
fulcra|fulcrum
galeae|galea
gambolled|gambol
gas|gas
gladioli|gladiolus
glorified|glorify
goboes|gobo
goodwives|goodwife
goosiest|goosy
grafen|graf
greasiest|greasy
gritted|grit
gunned|gun
gustier|gusty
had|have
haruspices|haruspex
hatting|hat
herbier|herby
hippest|hip
houselled|housel
indices|index
indwelt|indwell
intercropped|intercrop
intimae|intima
jackfishes|jackfish
jambeaux|jambeau
jammier|jammy
joy-rode|joy-ride
kernelling|kernel
lairiest|lairy
lavaboes|lavabo
leafiest|leafy
leeriest|leery
leucocytozoa|leucocytozoan
lignified|lignify
lingoes|lingo
loci|locus
lunier|luny
marcelled|marcel
massiest|massy
men-of-war|man-of-war
metempsychoses|metempsychosis
mugged|mug
myiases|myiasis
negroes|negro
newsier|newsy
noumena|noumenon
novelle|novella
oiliest|oily
oldwives|oldwife
omitting|omit
overcropped|overcrop
overwound|overwind
pallia|pallium
palmiest|palmy
parapraxes|parapraxis
patresfamilias|paterfamilias
pedaloes|pedalo
peristalses|peristalsis
phyllotaxes|phyllotaxis
pineta|pinetum
pitied|pity
pitting|pit
preoccupied|preoccupy
prigging|prig
princelier|princely
prolegomena|prolegomenon
put-putting|put-put
ratfishes|ratfish
recta|rectum
rotting|rot
scantier|scanty
scarves|scarf
scrappier|scrappy
scutella|scutellum
shabbatim|shabbat
shimmed|shim
shofroth|shofar
shotgunned|shotgun
shotted|shot
shrewmice|shrewmouse
shrunk|shrink
sloppiest|sloppy
smutting|smut
snubbed|snub
solder|solder
sprigged|sprig
squashes|squash
stank|stink
stepchildren|stepchild
stotkini|stotinka
stratified|stratify
strummed|strum
sudaria|sudarium
supercargoes|supercargo
sweatiest|sweaty
taxis|taxis
tedding|ted
tempi|tempo
terata|teras
tetraskelia|tetraskelion
threadiest|thready
thymi|thymus
torsi|torso
transmitted|transmit
trekking|trek
trendier|trendy
unpinned|unpin
untrodden|untread
upswung|upswing
urinalyses|urinalysis
vasa|vas
vitae|vita
webbed|web
wordiest|wordy
yakked|yak
